# Blender 5.1.1
# www.blender.org
mtllib Bullet50Cal.mtl
o SniperBulletMesh
v 0.004427 0.004383 -0.000703
v 0.004263 0.004383 -0.001389
v 0.003949 0.007716 -0.001287
v 0.004101 0.007716 -0.000651
v 0.003994 0.004383 -0.002041
v 0.003699 0.007716 -0.001891
v 0.003626 0.004383 -0.002643
v 0.003359 0.007716 -0.002448
v 0.003170 0.004383 -0.003179
v 0.002936 0.007716 -0.002945
v 0.002635 0.004383 -0.003637
v 0.002440 0.007716 -0.003369
v 0.002035 0.004383 -0.004006
v 0.001885 0.007716 -0.003711
v 0.001385 0.004383 -0.004276
v 0.001283 0.007716 -0.003961
v 0.000701 0.004383 -0.004441
v 0.000650 0.007716 -0.004113
v -0.000000 0.004383 -0.004496
v -0.000000 0.007716 -0.004165
v -0.000000 0.004383 -0.004496
v -0.000701 0.004383 -0.004441
v -0.000649 0.007716 -0.004113
v -0.000000 0.007716 -0.004165
v -0.001385 0.004383 -0.004276
v -0.001283 0.007716 -0.003961
v -0.002035 0.004383 -0.004006
v -0.001885 0.007716 -0.003711
v -0.002635 0.004383 -0.003637
v -0.002440 0.007716 -0.003369
v -0.003169 0.004383 -0.003179
v -0.002936 0.007716 -0.002945
v -0.003626 0.004383 -0.002643
v -0.003359 0.007716 -0.002448
v -0.003994 0.004383 -0.002041
v -0.003699 0.007716 -0.001891
v -0.004263 0.004383 -0.001389
v -0.003949 0.007716 -0.001287
v -0.004427 0.004383 -0.000703
v -0.004101 0.007716 -0.000651
v -0.004482 0.004383 0.000000
v -0.004152 0.007716 0.000000
v -0.004427 0.004383 0.000703
v -0.004101 0.007716 0.000651
v -0.004263 0.004383 0.001389
v -0.003949 0.007716 0.001287
v -0.003994 0.004383 0.002041
v -0.003699 0.007716 0.001891
v -0.003626 0.004383 0.002643
v -0.003359 0.007716 0.002448
v -0.003169 0.004383 0.003179
v -0.002936 0.007716 0.002945
v -0.002635 0.004383 0.003637
v -0.002440 0.007716 0.003369
v -0.002035 0.004383 0.004006
v -0.001885 0.007716 0.003711
v -0.001385 0.004383 0.004276
v -0.001283 0.007716 0.003961
v -0.000701 0.004383 0.004441
v -0.000649 0.007716 0.004113
v -0.000000 0.004383 0.004496
v -0.000000 0.007716 0.004165
v 0.000701 0.004383 0.004441
v 0.000650 0.007716 0.004113
v 0.001385 0.004383 0.004276
v 0.001283 0.007716 0.003961
v 0.002035 0.004383 0.004006
v 0.001885 0.007716 0.003711
v 0.002635 0.004383 0.003637
v 0.002440 0.007716 0.003369
v 0.003170 0.004383 0.003179
v 0.002936 0.007716 0.002945
v 0.003626 0.004383 0.002643
v 0.003359 0.007716 0.002448
v 0.003994 0.004383 0.002041
v 0.003699 0.007716 0.001891
v 0.004263 0.004383 0.001389
v 0.003949 0.007716 0.001287
v 0.004427 0.004383 0.000703
v 0.004101 0.007716 0.000651
v 0.004482 0.004383 0.000000
v 0.004152 0.007716 0.000000
v 0.002902 0.014272 -0.000461
v 0.002794 0.014272 -0.000911
v 0.000847 0.021239 -0.000276
v 0.000880 0.021239 -0.000140
v 0.002618 0.014272 -0.001338
v 0.000794 0.021239 -0.000406
v 0.002377 0.014272 -0.001732
v 0.000721 0.021239 -0.000525
v 0.002078 0.014272 -0.002084
v 0.000630 0.021239 -0.000632
v 0.001727 0.014272 -0.002384
v 0.000524 0.021239 -0.000723
v 0.001334 0.014272 -0.002626
v 0.000404 0.021239 -0.000796
v 0.000908 0.014272 -0.002803
v 0.000275 0.021239 -0.000850
v 0.000460 0.014272 -0.002911
v 0.000139 0.021239 -0.000882
v -0.000000 0.014272 -0.002947
v -0.000000 0.021239 -0.000893
v -0.000000 0.014272 -0.002947
v -0.000460 0.014272 -0.002911
v -0.000139 0.021239 -0.000882
v -0.000000 0.021239 -0.000893
v -0.000908 0.014272 -0.002803
v -0.000275 0.021239 -0.000850
v -0.001334 0.014272 -0.002626
v -0.000404 0.021239 -0.000796
v -0.001727 0.014272 -0.002384
v -0.000524 0.021239 -0.000723
v -0.002078 0.014272 -0.002084
v -0.000630 0.021239 -0.000632
v -0.002377 0.014272 -0.001732
v -0.000721 0.021239 -0.000525
v -0.002618 0.014272 -0.001338
v -0.000794 0.021239 -0.000406
v -0.002794 0.014272 -0.000911
v -0.000847 0.021239 -0.000276
v -0.002902 0.014272 -0.000461
v -0.000880 0.021239 -0.000140
v -0.002938 0.014272 0.000000
v -0.000891 0.021239 0.000000
v -0.002902 0.014272 0.000461
v -0.000880 0.021239 0.000140
v -0.002794 0.014272 0.000911
v -0.000847 0.021239 0.000276
v -0.002618 0.014272 0.001338
v -0.000794 0.021239 0.000406
v -0.002377 0.014272 0.001732
v -0.000721 0.021239 0.000525
v -0.002078 0.014272 0.002084
v -0.000630 0.021239 0.000632
v -0.001727 0.014272 0.002384
v -0.000524 0.021239 0.000723
v -0.001334 0.014272 0.002626
v -0.000404 0.021239 0.000796
v -0.000908 0.014272 0.002803
v -0.000275 0.021239 0.000850
v -0.000460 0.014272 0.002911
v -0.000139 0.021239 0.000882
v -0.000000 0.014272 0.002947
v -0.000000 0.021239 0.000893
v 0.000460 0.014272 0.002911
v 0.000139 0.021239 0.000882
v 0.000908 0.014272 0.002803
v 0.000275 0.021239 0.000850
v 0.001334 0.014272 0.002626
v 0.000404 0.021239 0.000796
v 0.001727 0.014272 0.002384
v 0.000524 0.021239 0.000723
v 0.002078 0.014272 0.002084
v 0.000630 0.021239 0.000632
v 0.002377 0.014272 0.001732
v 0.000721 0.021239 0.000525
v 0.002618 0.014272 0.001338
v 0.000794 0.021239 0.000406
v 0.002794 0.014272 0.000911
v 0.000847 0.021239 0.000276
v 0.002902 0.014272 0.000461
v 0.000880 0.021239 0.000140
v 0.002938 0.014272 0.000000
v 0.000891 0.021239 0.000000
v 0.000880 0.021239 -0.000140
v 0.000847 0.021239 -0.000276
v -0.000000 0.021550 0.000000
v 0.000794 0.021239 -0.000406
v 0.000721 0.021239 -0.000525
v 0.000630 0.021239 -0.000632
v 0.000524 0.021239 -0.000723
v 0.000404 0.021239 -0.000796
v 0.000275 0.021239 -0.000850
v 0.000139 0.021239 -0.000882
v -0.000000 0.021239 -0.000893
v -0.000139 0.021239 -0.000882
v -0.000275 0.021239 -0.000850
v -0.000404 0.021239 -0.000796
v -0.000524 0.021239 -0.000723
v -0.000630 0.021239 -0.000632
v -0.000721 0.021239 -0.000525
v -0.000794 0.021239 -0.000406
v -0.000847 0.021239 -0.000276
v -0.000880 0.021239 -0.000140
v -0.000891 0.021239 0.000000
v -0.000880 0.021239 0.000140
v -0.000847 0.021239 0.000276
v -0.000794 0.021239 0.000406
v -0.000721 0.021239 0.000525
v -0.000630 0.021239 0.000632
v -0.000524 0.021239 0.000723
v -0.000404 0.021239 0.000796
v -0.000275 0.021239 0.000850
v -0.000139 0.021239 0.000882
v -0.000000 0.021239 0.000893
v 0.000139 0.021239 0.000882
v 0.000275 0.021239 0.000850
v 0.000404 0.021239 0.000796
v 0.000524 0.021239 0.000723
v 0.000630 0.021239 0.000632
v 0.000721 0.021239 0.000525
v 0.000794 0.021239 0.000406
v 0.000847 0.021239 0.000276
v 0.000880 0.021239 0.000140
v 0.000891 0.021239 0.000000
v 0.004130 -0.008022 -0.001167
v 0.004130 -0.006316 -0.001167
v 0.004208 -0.006316 -0.000841
v 0.004208 -0.008022 -0.000841
v 0.003897 -0.008022 -0.001801
v 0.003897 -0.006316 -0.001801
v 0.004025 -0.006316 -0.001491
v 0.004025 -0.008022 -0.001491
v 0.003568 -0.008022 -0.002390
v 0.003568 -0.006316 -0.002390
v 0.003743 -0.006316 -0.002104
v 0.003743 -0.008022 -0.002104
v 0.003151 -0.008022 -0.002920
v 0.003151 -0.006316 -0.002920
v 0.003369 -0.006316 -0.002665
v 0.003369 -0.008022 -0.002665
v 0.002657 -0.008022 -0.003379
v 0.002657 -0.006316 -0.003379
v 0.002911 -0.006316 -0.003161
v 0.002911 -0.008022 -0.003161
v 0.002098 -0.008022 -0.003754
v 0.002098 -0.006316 -0.003754
v 0.002383 -0.006316 -0.003579
v 0.002383 -0.008022 -0.003579
v 0.001486 -0.008022 -0.004037
v 0.001486 -0.006316 -0.004037
v 0.001795 -0.006316 -0.003909
v 0.001795 -0.008022 -0.003909
v 0.000838 -0.008022 -0.004221
v 0.000838 -0.006316 -0.004221
v 0.001163 -0.006316 -0.004142
v 0.001163 -0.008022 -0.004142
v 0.000170 -0.008022 -0.004300
v 0.000170 -0.006316 -0.004300
v 0.000503 -0.006316 -0.004274
v 0.000503 -0.008022 -0.004274
v -0.000503 -0.008022 -0.004274
v -0.000503 -0.006316 -0.004274
v -0.000170 -0.006316 -0.004300
v -0.000170 -0.008022 -0.004300
v -0.001163 -0.008022 -0.004142
v -0.001163 -0.006316 -0.004142
v -0.000838 -0.006316 -0.004221
v -0.000838 -0.008022 -0.004221
v -0.001795 -0.008022 -0.003909
v -0.001795 -0.006316 -0.003909
v -0.001486 -0.006316 -0.004037
v -0.001486 -0.008022 -0.004037
v -0.002383 -0.008022 -0.003579
v -0.002383 -0.006316 -0.003579
v -0.002098 -0.006316 -0.003754
v -0.002098 -0.008022 -0.003754
v -0.002911 -0.008022 -0.003161
v -0.002911 -0.006316 -0.003161
v -0.002657 -0.006316 -0.003379
v -0.002657 -0.008022 -0.003379
v -0.003369 -0.008022 -0.002665
v -0.003369 -0.006316 -0.002665
v -0.003151 -0.006316 -0.002920
v -0.003151 -0.008022 -0.002920
v -0.003743 -0.008022 -0.002104
v -0.003743 -0.006316 -0.002104
v -0.003568 -0.006316 -0.002390
v -0.003568 -0.008022 -0.002390
v -0.004025 -0.008022 -0.001491
v -0.004025 -0.006316 -0.001491
v -0.003897 -0.006316 -0.001801
v -0.003897 -0.008022 -0.001801
v -0.004208 -0.008022 -0.000841
v -0.004208 -0.006316 -0.000841
v -0.004130 -0.006316 -0.001167
v -0.004130 -0.008022 -0.001167
v -0.004287 -0.008022 -0.000170
v -0.004287 -0.006316 -0.000170
v -0.004261 -0.006316 -0.000505
v -0.004261 -0.008022 -0.000505
v -0.004261 -0.008022 0.000505
v -0.004261 -0.006316 0.000505
v -0.004287 -0.006316 0.000170
v -0.004287 -0.008022 0.000170
v -0.004130 -0.008022 0.001167
v -0.004130 -0.006316 0.001167
v -0.004208 -0.006316 0.000841
v -0.004208 -0.008022 0.000841
v -0.003897 -0.008022 0.001801
v -0.003897 -0.006316 0.001801
v -0.004025 -0.006316 0.001491
v -0.004025 -0.008022 0.001491
v -0.003568 -0.008022 0.002390
v -0.003568 -0.006316 0.002390
v -0.003743 -0.006316 0.002104
v -0.003743 -0.008022 0.002104
v -0.003151 -0.008022 0.002920
v -0.003151 -0.006316 0.002920
v -0.003369 -0.006316 0.002665
v -0.003369 -0.008022 0.002665
v -0.002657 -0.008022 0.003379
v -0.002657 -0.006316 0.003379
v -0.002911 -0.006316 0.003161
v -0.002911 -0.008022 0.003161
v -0.002098 -0.008022 0.003754
v -0.002098 -0.006316 0.003754
v -0.002383 -0.006316 0.003579
v -0.002383 -0.008022 0.003579
v -0.001486 -0.008022 0.004037
v -0.001486 -0.006316 0.004037
v -0.001795 -0.006316 0.003909
v -0.001795 -0.008022 0.003909
v -0.000838 -0.008022 0.004221
v -0.000838 -0.006316 0.004221
v -0.001163 -0.006316 0.004142
v -0.001163 -0.008022 0.004142
v -0.000170 -0.008022 0.004300
v -0.000170 -0.006316 0.004300
v -0.000503 -0.006316 0.004274
v -0.000503 -0.008022 0.004274
v 0.000503 -0.008022 0.004274
v 0.000503 -0.006316 0.004274
v 0.000170 -0.006316 0.004300
v 0.000170 -0.008022 0.004300
v 0.001163 -0.008022 0.004142
v 0.001163 -0.006316 0.004142
v 0.000838 -0.006316 0.004221
v 0.000838 -0.008022 0.004221
v 0.001795 -0.008022 0.003909
v 0.001795 -0.006316 0.003909
v 0.001486 -0.006316 0.004037
v 0.001486 -0.008022 0.004037
v 0.002383 -0.008022 0.003579
v 0.002383 -0.006316 0.003579
v 0.002098 -0.006316 0.003754
v 0.002098 -0.008022 0.003754
v 0.002911 -0.008022 0.003161
v 0.002911 -0.006316 0.003161
v 0.002657 -0.006316 0.003379
v 0.002657 -0.008022 0.003379
v 0.003369 -0.008022 0.002665
v 0.003369 -0.006316 0.002665
v 0.003151 -0.006316 0.002920
v 0.003151 -0.008022 0.002920
v 0.003743 -0.008022 0.002104
v 0.003743 -0.006316 0.002104
v 0.003568 -0.006316 0.002390
v 0.003568 -0.008022 0.002390
v 0.004025 -0.008022 0.001491
v 0.004025 -0.006316 0.001491
v 0.003897 -0.006316 0.001801
v 0.003897 -0.008022 0.001801
v 0.004208 -0.008022 0.000841
v 0.004208 -0.006316 0.000841
v 0.004130 -0.006316 0.001167
v 0.004130 -0.008022 0.001167
v 0.004287 -0.008022 0.000170
v 0.004287 -0.006316 0.000170
v 0.004261 -0.006316 0.000505
v 0.004261 -0.008022 0.000505
v 0.004261 -0.008022 -0.000505
v 0.004261 -0.006316 -0.000505
v 0.004287 -0.006316 -0.000170
v 0.004287 -0.008022 -0.000170
v 0.004361 -0.008022 -0.001421
v 0.004529 -0.008022 -0.000719
v 0.004529 -0.014160 -0.000719
v 0.004361 -0.014160 -0.001421
v 0.004085 -0.008022 -0.002088
v 0.004085 -0.014160 -0.002088
v 0.003709 -0.008022 -0.002703
v 0.003709 -0.014160 -0.002703
v 0.003242 -0.008022 -0.003252
v 0.003242 -0.014160 -0.003252
v 0.002695 -0.008022 -0.003721
v 0.002695 -0.014160 -0.003721
v 0.002082 -0.008022 -0.004098
v 0.002082 -0.014160 -0.004098
v 0.001417 -0.008022 -0.004374
v 0.001417 -0.014160 -0.004374
v 0.000717 -0.008022 -0.004542
v 0.000717 -0.014160 -0.004542
v -0.000000 -0.008022 -0.004599
v -0.000000 -0.014160 -0.004599
v -0.000717 -0.008022 -0.004542
v -0.000000 -0.008022 -0.004599
v -0.000000 -0.014160 -0.004599
v -0.000717 -0.014160 -0.004542
v -0.001417 -0.008022 -0.004374
v -0.001417 -0.014160 -0.004374
v -0.002082 -0.008022 -0.004098
v -0.002082 -0.014160 -0.004098
v -0.002695 -0.008022 -0.003721
v -0.002695 -0.014160 -0.003721
v -0.003242 -0.008022 -0.003252
v -0.003242 -0.014160 -0.003252
v -0.003709 -0.008022 -0.002703
v -0.003709 -0.014160 -0.002703
v -0.004085 -0.008022 -0.002088
v -0.004085 -0.014160 -0.002088
v -0.004361 -0.008022 -0.001421
v -0.004361 -0.014160 -0.001421
v -0.004529 -0.008022 -0.000719
v -0.004529 -0.014160 -0.000719
v -0.004585 -0.008022 0.000000
v -0.004585 -0.014160 0.000000
v -0.004529 -0.008022 0.000719
v -0.004529 -0.014160 0.000719
v -0.004361 -0.008022 0.001421
v -0.004361 -0.014160 0.001421
v -0.004085 -0.008022 0.002088
v -0.004085 -0.014160 0.002088
v -0.003709 -0.008022 0.002703
v -0.003709 -0.014160 0.002703
v -0.003242 -0.008022 0.003252
v -0.003242 -0.014160 0.003252
v -0.002695 -0.008022 0.003721
v -0.002695 -0.014160 0.003721
v -0.002082 -0.008022 0.004098
v -0.002082 -0.014160 0.004098
v -0.001417 -0.008022 0.004374
v -0.001417 -0.014160 0.004374
v -0.000717 -0.008022 0.004542
v -0.000717 -0.014160 0.004542
v -0.000000 -0.008022 0.004599
v -0.000000 -0.014160 0.004599
v 0.000717 -0.008022 0.004542
v 0.000717 -0.014160 0.004542
v 0.001417 -0.008022 0.004374
v 0.001417 -0.014160 0.004374
v 0.002082 -0.008022 0.004098
v 0.002082 -0.014160 0.004098
v 0.002695 -0.008022 0.003721
v 0.002695 -0.014160 0.003721
v 0.003242 -0.008022 0.003252
v 0.003242 -0.014160 0.003252
v 0.003709 -0.008022 0.002703
v 0.003709 -0.014160 0.002703
v 0.004085 -0.008022 0.002088
v 0.004085 -0.014160 0.002088
v 0.004361 -0.008022 0.001421
v 0.004361 -0.014160 0.001421
v 0.004529 -0.008022 0.000719
v 0.004529 -0.014160 0.000719
v 0.004585 -0.008022 0.000000
v 0.004585 -0.014160 0.000000
v 0.003427 -0.021335 -0.000544
v 0.003300 -0.021335 -0.001075
v 0.003091 -0.021335 -0.001580
v 0.002807 -0.021335 -0.002045
v 0.002453 -0.021335 -0.002461
v 0.002039 -0.021335 -0.002815
v 0.001575 -0.021335 -0.003101
v 0.001072 -0.021335 -0.003310
v 0.000543 -0.021335 -0.003437
v 0.000000 -0.021335 -0.003480
v 0.000000 -0.021335 -0.003480
v -0.000543 -0.021335 -0.003437
v -0.001072 -0.021335 -0.003310
v -0.001575 -0.021335 -0.003101
v -0.002039 -0.021335 -0.002815
v -0.002453 -0.021335 -0.002461
v -0.002807 -0.021335 -0.002045
v -0.003091 -0.021335 -0.001580
v -0.003300 -0.021335 -0.001075
v -0.003427 -0.021335 -0.000544
v -0.003469 -0.021335 0.000000
v -0.003427 -0.021335 0.000544
v -0.003300 -0.021335 0.001075
v -0.003091 -0.021335 0.001580
v -0.002807 -0.021335 0.002045
v -0.002453 -0.021335 0.002461
v -0.002039 -0.021335 0.002815
v -0.001575 -0.021335 0.003101
v -0.001072 -0.021335 0.003310
v -0.000543 -0.021335 0.003437
v 0.000000 -0.021335 0.003480
v 0.000543 -0.021335 0.003437
v 0.001072 -0.021335 0.003310
v 0.001575 -0.021335 0.003101
v 0.002039 -0.021335 0.002815
v 0.002453 -0.021335 0.002461
v 0.002807 -0.021335 0.002045
v 0.003091 -0.021335 0.001580
v 0.003300 -0.021335 0.001075
v 0.003427 -0.021335 0.000544
v 0.003469 -0.021335 0.000000
v 0.003300 -0.021335 -0.001075
v 0.003427 -0.021335 -0.000544
v 0.000000 -0.021560 0.000000
v 0.003091 -0.021335 -0.001580
v 0.002807 -0.021335 -0.002045
v 0.002453 -0.021335 -0.002461
v 0.002039 -0.021335 -0.002815
v 0.001575 -0.021335 -0.003101
v 0.001072 -0.021335 -0.003310
v 0.000543 -0.021335 -0.003437
v 0.000000 -0.021335 -0.003480
v -0.000543 -0.021335 -0.003437
v -0.001072 -0.021335 -0.003310
v -0.001575 -0.021335 -0.003101
v -0.002039 -0.021335 -0.002815
v -0.002453 -0.021335 -0.002461
v -0.002807 -0.021335 -0.002045
v -0.003091 -0.021335 -0.001580
v -0.003300 -0.021335 -0.001075
v -0.003427 -0.021335 -0.000544
v -0.003469 -0.021335 0.000000
v -0.003427 -0.021335 0.000544
v -0.003300 -0.021335 0.001075
v -0.003091 -0.021335 0.001580
v -0.002807 -0.021335 0.002045
v -0.002453 -0.021335 0.002461
v -0.002039 -0.021335 0.002815
v -0.001575 -0.021335 0.003101
v -0.001072 -0.021335 0.003310
v -0.000543 -0.021335 0.003437
v 0.000000 -0.021335 0.003480
v 0.000543 -0.021335 0.003437
v 0.001072 -0.021335 0.003310
v 0.001575 -0.021335 0.003101
v 0.002039 -0.021335 0.002815
v 0.002453 -0.021335 0.002461
v 0.002807 -0.021335 0.002045
v 0.003091 -0.021335 0.001580
v 0.003300 -0.021335 0.001075
v 0.003427 -0.021335 0.000544
v 0.003469 -0.021335 0.000000
v 0.004585 -0.008022 0.000000
v 0.004529 -0.008022 -0.000719
v 0.004287 -0.008022 -0.000170
v 0.004261 -0.008022 -0.000505
v 0.004361 -0.008022 -0.001421
v 0.004208 -0.008022 -0.000841
v 0.004130 -0.008022 -0.001167
v 0.004085 -0.008022 -0.002088
v 0.004025 -0.008022 -0.001491
v 0.003897 -0.008022 -0.001801
v 0.003709 -0.008022 -0.002703
v 0.003743 -0.008022 -0.002104
v 0.003568 -0.008022 -0.002390
v 0.003242 -0.008022 -0.003252
v 0.003369 -0.008022 -0.002665
v 0.003151 -0.008022 -0.002920
v 0.002695 -0.008022 -0.003721
v 0.002911 -0.008022 -0.003161
v 0.002657 -0.008022 -0.003379
v 0.002082 -0.008022 -0.004098
v 0.002383 -0.008022 -0.003579
v 0.002098 -0.008022 -0.003754
v 0.001417 -0.008022 -0.004374
v 0.001795 -0.008022 -0.003909
v 0.001486 -0.008022 -0.004037
v 0.000717 -0.008022 -0.004542
v 0.001163 -0.008022 -0.004142
v 0.000838 -0.008022 -0.004221
v -0.000000 -0.008022 -0.004599
v 0.000503 -0.008022 -0.004274
v 0.000170 -0.008022 -0.004300
v -0.000717 -0.008022 -0.004542
v -0.000170 -0.008022 -0.004300
v -0.000503 -0.008022 -0.004274
v -0.001417 -0.008022 -0.004374
v -0.000838 -0.008022 -0.004221
v -0.001163 -0.008022 -0.004142
v -0.002082 -0.008022 -0.004098
v -0.001486 -0.008022 -0.004037
v -0.001795 -0.008022 -0.003909
v -0.002695 -0.008022 -0.003721
v -0.002098 -0.008022 -0.003754
v -0.002383 -0.008022 -0.003579
v -0.003242 -0.008022 -0.003252
v -0.002657 -0.008022 -0.003379
v -0.002911 -0.008022 -0.003161
v -0.003709 -0.008022 -0.002703
v -0.003151 -0.008022 -0.002920
v -0.003369 -0.008022 -0.002665
v -0.004085 -0.008022 -0.002088
v -0.003568 -0.008022 -0.002390
v -0.003743 -0.008022 -0.002104
v -0.004361 -0.008022 -0.001421
v -0.003897 -0.008022 -0.001801
v -0.004025 -0.008022 -0.001491
v -0.004529 -0.008022 -0.000719
v -0.004130 -0.008022 -0.001167
v -0.004208 -0.008022 -0.000841
v -0.004585 -0.008022 0.000000
v -0.004261 -0.008022 -0.000505
v -0.004287 -0.008022 -0.000170
v -0.004529 -0.008022 0.000719
v -0.004287 -0.008022 0.000170
v -0.004261 -0.008022 0.000505
v -0.004361 -0.008022 0.001421
v -0.004208 -0.008022 0.000841
v -0.004130 -0.008022 0.001167
v -0.004085 -0.008022 0.002088
v -0.004025 -0.008022 0.001491
v -0.003897 -0.008022 0.001801
v -0.003709 -0.008022 0.002703
v -0.003743 -0.008022 0.002104
v -0.003568 -0.008022 0.002390
v -0.003242 -0.008022 0.003252
v -0.003369 -0.008022 0.002665
v -0.003151 -0.008022 0.002920
v -0.002695 -0.008022 0.003721
v -0.002911 -0.008022 0.003161
v -0.002657 -0.008022 0.003379
v -0.002082 -0.008022 0.004098
v -0.002383 -0.008022 0.003579
v -0.002098 -0.008022 0.003754
v -0.001417 -0.008022 0.004374
v -0.001795 -0.008022 0.003909
v -0.001486 -0.008022 0.004037
v -0.000717 -0.008022 0.004542
v -0.001163 -0.008022 0.004142
v -0.000838 -0.008022 0.004221
v -0.000000 -0.008022 0.004599
v -0.000503 -0.008022 0.004274
v -0.000170 -0.008022 0.004300
v 0.000717 -0.008022 0.004542
v 0.000170 -0.008022 0.004300
v 0.000503 -0.008022 0.004274
v 0.001417 -0.008022 0.004374
v 0.000838 -0.008022 0.004221
v 0.001163 -0.008022 0.004142
v 0.002082 -0.008022 0.004098
v 0.001486 -0.008022 0.004037
v 0.001795 -0.008022 0.003909
v 0.002695 -0.008022 0.003721
v 0.002098 -0.008022 0.003754
v 0.002383 -0.008022 0.003579
v 0.003242 -0.008022 0.003252
v 0.002657 -0.008022 0.003379
v 0.002911 -0.008022 0.003161
v 0.003709 -0.008022 0.002703
v 0.003151 -0.008022 0.002920
v 0.003369 -0.008022 0.002665
v 0.004085 -0.008022 0.002088
v 0.003568 -0.008022 0.002390
v 0.003743 -0.008022 0.002104
v 0.004361 -0.008022 0.001421
v 0.003897 -0.008022 0.001801
v 0.004025 -0.008022 0.001491
v 0.004529 -0.008022 0.000719
v 0.004130 -0.008022 0.001167
v 0.004208 -0.008022 0.000841
v 0.004261 -0.008022 0.000505
v 0.004287 -0.008022 0.000170
v 0.004005 -0.006316 -0.000800
v 0.004056 -0.006316 -0.000480
v 0.004056 -0.008022 -0.000480
v 0.004005 -0.008022 -0.000800
v 0.003831 -0.006316 -0.001419
v 0.003931 -0.006316 -0.001111
v 0.003931 -0.008022 -0.001111
v 0.003831 -0.008022 -0.001419
v 0.003562 -0.006316 -0.002003
v 0.003709 -0.006316 -0.001714
v 0.003709 -0.008022 -0.001714
v 0.003562 -0.008022 -0.002003
v 0.003206 -0.006316 -0.002537
v 0.003396 -0.006316 -0.002275
v 0.003396 -0.008022 -0.002275
v 0.003206 -0.008022 -0.002537
v 0.002771 -0.006316 -0.003009
v 0.003000 -0.006316 -0.002780
v 0.003000 -0.008022 -0.002780
v 0.002771 -0.008022 -0.003009
v 0.002268 -0.006316 -0.003406
v 0.002529 -0.006316 -0.003216
v 0.002529 -0.008022 -0.003216
v 0.002268 -0.008022 -0.003406
v 0.001709 -0.006316 -0.003720
v 0.001996 -0.006316 -0.003573
v 0.001996 -0.008022 -0.003573
v 0.001709 -0.008022 -0.003720
v 0.001107 -0.006316 -0.003943
v 0.001415 -0.006316 -0.003843
v 0.001415 -0.008022 -0.003843
v 0.001107 -0.008022 -0.003943
v 0.000479 -0.006316 -0.004068
v 0.000798 -0.006316 -0.004017
v 0.000798 -0.008022 -0.004017
v 0.000479 -0.008022 -0.004068
v -0.000162 -0.006316 -0.004093
v 0.000162 -0.006316 -0.004093
v 0.000162 -0.008022 -0.004093
v -0.000162 -0.008022 -0.004093
v -0.000798 -0.006316 -0.004017
v -0.000479 -0.006316 -0.004068
v -0.000479 -0.008022 -0.004068
v -0.000798 -0.008022 -0.004017
v -0.001415 -0.006316 -0.003843
v -0.001107 -0.006316 -0.003943
v -0.001107 -0.008022 -0.003943
v -0.001415 -0.008022 -0.003843
v -0.001996 -0.006316 -0.003573
v -0.001709 -0.006316 -0.003720
v -0.001709 -0.008022 -0.003720
v -0.001996 -0.008022 -0.003573
v -0.002529 -0.006316 -0.003216
v -0.002268 -0.006316 -0.003406
v -0.002268 -0.008022 -0.003406
v -0.002529 -0.008022 -0.003216
v -0.003000 -0.006316 -0.002780
v -0.002771 -0.006316 -0.003009
v -0.002771 -0.008022 -0.003009
v -0.003000 -0.008022 -0.002780
v -0.003396 -0.006316 -0.002275
v -0.003206 -0.006316 -0.002537
v -0.003206 -0.008022 -0.002537
v -0.003396 -0.008022 -0.002275
v -0.003709 -0.006316 -0.001714
v -0.003562 -0.006316 -0.002003
v -0.003562 -0.008022 -0.002003
v -0.003709 -0.008022 -0.001714
v -0.003931 -0.006316 -0.001111
v -0.003831 -0.006316 -0.001419
v -0.003831 -0.008022 -0.001419
v -0.003931 -0.008022 -0.001111
v -0.004056 -0.006316 -0.000480
v -0.004005 -0.006316 -0.000800
v -0.004005 -0.008022 -0.000800
v -0.004056 -0.008022 -0.000480
v -0.004080 -0.006316 0.000162
v -0.004080 -0.006316 -0.000162
v -0.004080 -0.008022 -0.000162
v -0.004080 -0.008022 0.000162
v -0.004005 -0.006316 0.000800
v -0.004056 -0.006316 0.000480
v -0.004056 -0.008022 0.000480
v -0.004005 -0.008022 0.000800
v -0.003831 -0.006316 0.001419
v -0.003931 -0.006316 0.001111
v -0.003931 -0.008022 0.001111
v -0.003831 -0.008022 0.001419
v -0.003562 -0.006316 0.002003
v -0.003709 -0.006316 0.001714
v -0.003709 -0.008022 0.001714
v -0.003562 -0.008022 0.002003
v -0.003206 -0.006316 0.002537
v -0.003396 -0.006316 0.002275
v -0.003396 -0.008022 0.002275
v -0.003206 -0.008022 0.002537
v -0.002771 -0.006316 0.003009
v -0.003000 -0.006316 0.002780
v -0.003000 -0.008022 0.002780
v -0.002771 -0.008022 0.003009
v -0.002268 -0.006316 0.003406
v -0.002529 -0.006316 0.003216
v -0.002529 -0.008022 0.003216
v -0.002268 -0.008022 0.003406
v -0.001709 -0.006316 0.003720
v -0.001996 -0.006316 0.003573
v -0.001996 -0.008022 0.003573
v -0.001709 -0.008022 0.003720
v -0.001107 -0.006316 0.003943
v -0.001415 -0.006316 0.003843
v -0.001415 -0.008022 0.003843
v -0.001107 -0.008022 0.003943
v -0.000479 -0.006316 0.004068
v -0.000798 -0.006316 0.004017
v -0.000798 -0.008022 0.004017
v -0.000479 -0.008022 0.004068
v 0.000162 -0.006316 0.004093
v -0.000162 -0.006316 0.004093
v -0.000162 -0.008022 0.004093
v 0.000162 -0.008022 0.004093
v 0.000798 -0.006316 0.004017
v 0.000479 -0.006316 0.004068
v 0.000479 -0.008022 0.004068
v 0.000798 -0.008022 0.004017
v 0.001415 -0.006316 0.003843
v 0.001107 -0.006316 0.003943
v 0.001107 -0.008022 0.003943
v 0.001415 -0.008022 0.003843
v 0.001996 -0.006316 0.003573
v 0.001709 -0.006316 0.003720
v 0.001709 -0.008022 0.003720
v 0.001996 -0.008022 0.003573
v 0.002529 -0.006316 0.003216
v 0.002268 -0.006316 0.003406
v 0.002268 -0.008022 0.003406
v 0.002529 -0.008022 0.003216
v 0.003000 -0.006316 0.002780
v 0.002771 -0.006316 0.003009
v 0.002771 -0.008022 0.003009
v 0.003000 -0.008022 0.002780
v 0.003396 -0.006316 0.002275
v 0.003206 -0.006316 0.002537
v 0.003206 -0.008022 0.002537
v 0.003396 -0.008022 0.002275
v 0.003709 -0.006316 0.001714
v 0.003562 -0.006316 0.002003
v 0.003562 -0.008022 0.002003
v 0.003709 -0.008022 0.001714
v 0.003931 -0.006316 0.001111
v 0.003831 -0.006316 0.001419
v 0.003831 -0.008022 0.001419
v 0.003931 -0.008022 0.001111
v 0.004056 -0.006316 0.000480
v 0.004005 -0.006316 0.000800
v 0.004005 -0.008022 0.000800
v 0.004056 -0.008022 0.000480
v 0.004081 -0.006316 -0.000162
v 0.004081 -0.006316 0.000162
v 0.004081 -0.008022 0.000162
v 0.004081 -0.008022 -0.000162
v 0.003369 -0.006316 -0.002665
v 0.003669 -0.006301 -0.002674
v 0.003568 -0.006316 -0.002390
v 0.000503 -0.006316 -0.004274
v 0.000709 -0.006301 -0.004493
v 0.000838 -0.006316 -0.004221
v -0.000838 -0.006316 -0.004221
v -0.000709 -0.006301 -0.004493
v -0.000503 -0.006316 -0.004274
v -0.001486 -0.006316 -0.004037
v -0.001401 -0.006301 -0.004326
v -0.001163 -0.006316 -0.004142
v -0.003568 -0.006316 -0.002390
v -0.003669 -0.006301 -0.002674
v -0.003369 -0.006316 -0.002665
v -0.004261 -0.006316 -0.000505
v -0.004479 -0.006301 -0.000712
v -0.004208 -0.006316 -0.000841
v -0.004287 -0.006316 0.000170
v -0.004535 -0.006301 0.000000
v -0.004287 -0.006316 -0.000170
v -0.004025 -0.006316 0.001491
v -0.004313 -0.006301 0.001406
v -0.004130 -0.006316 0.001167
v -0.003743 -0.006316 0.002104
v -0.004041 -0.006301 0.002065
v -0.003897 -0.006316 0.001801
v -0.003369 -0.006316 0.002665
v -0.003669 -0.006301 0.002674
v -0.003568 -0.006316 0.002390
v -0.002911 -0.006316 0.003161
v -0.003207 -0.006301 0.003217
v -0.003151 -0.006316 0.002920
v -0.001795 -0.006316 0.003909
v -0.002059 -0.006301 0.004053
v -0.002098 -0.006316 0.003754
v -0.000503 -0.006316 0.004274
v -0.000709 -0.006301 0.004493
v -0.000838 -0.006316 0.004221
v 0.001486 -0.006316 0.004037
v 0.001401 -0.006301 0.004326
v 0.001163 -0.006316 0.004142
v 0.002098 -0.006316 0.003754
v 0.002059 -0.006301 0.004053
v 0.001795 -0.006316 0.003909
v 0.004130 -0.006316 0.001167
v 0.004313 -0.006301 0.001406
v 0.004025 -0.006316 0.001491
v 0.004208 -0.006316 -0.000841
v 0.004261 -0.006316 -0.000505
v 0.004056 -0.006316 -0.000480
v 0.004005 -0.006316 -0.000800
v 0.004261 -0.006316 -0.000505
v 0.004261 -0.008022 -0.000505
v 0.004056 -0.008022 -0.000480
v 0.004056 -0.006316 -0.000480
v 0.004261 -0.008022 -0.000505
v 0.004208 -0.008022 -0.000841
v 0.004005 -0.008022 -0.000800
v 0.004056 -0.008022 -0.000480
v 0.004208 -0.008022 -0.000841
v 0.004208 -0.006316 -0.000841
v 0.004005 -0.006316 -0.000800
v 0.004005 -0.008022 -0.000800
v 0.004025 -0.006316 -0.001491
v 0.004130 -0.006316 -0.001167
v 0.003931 -0.006316 -0.001111
v 0.003831 -0.006316 -0.001419
v 0.004130 -0.006316 -0.001167
v 0.004130 -0.008022 -0.001167
v 0.003931 -0.008022 -0.001111
v 0.003931 -0.006316 -0.001111
v 0.004130 -0.008022 -0.001167
v 0.004025 -0.008022 -0.001491
v 0.003831 -0.008022 -0.001419
v 0.003931 -0.008022 -0.001111
v 0.004025 -0.008022 -0.001491
v 0.004025 -0.006316 -0.001491
v 0.003831 -0.006316 -0.001419
v 0.003831 -0.008022 -0.001419
v 0.003743 -0.006316 -0.002104
v 0.003897 -0.006316 -0.001801
v 0.003709 -0.006316 -0.001714
v 0.003562 -0.006316 -0.002003
v 0.003897 -0.006316 -0.001801
v 0.003897 -0.008022 -0.001801
v 0.003709 -0.008022 -0.001714
v 0.003709 -0.006316 -0.001714
v 0.003897 -0.008022 -0.001801
v 0.003743 -0.008022 -0.002104
v 0.003562 -0.008022 -0.002003
v 0.003709 -0.008022 -0.001714
v 0.003743 -0.008022 -0.002104
v 0.003743 -0.006316 -0.002104
v 0.003562 -0.006316 -0.002003
v 0.003562 -0.008022 -0.002003
v 0.003369 -0.006316 -0.002665
v 0.003568 -0.006316 -0.002390
v 0.003396 -0.006316 -0.002275
v 0.003206 -0.006316 -0.002537
v 0.003568 -0.006316 -0.002390
v 0.003568 -0.008022 -0.002390
v 0.003396 -0.008022 -0.002275
v 0.003396 -0.006316 -0.002275
v 0.003568 -0.008022 -0.002390
v 0.003369 -0.008022 -0.002665
v 0.003206 -0.008022 -0.002537
v 0.003396 -0.008022 -0.002275
v 0.003369 -0.008022 -0.002665
v 0.003369 -0.006316 -0.002665
v 0.003206 -0.006316 -0.002537
v 0.003206 -0.008022 -0.002537
v 0.002911 -0.006316 -0.003161
v 0.003151 -0.006316 -0.002920
v 0.003000 -0.006316 -0.002780
v 0.002771 -0.006316 -0.003009
v 0.003151 -0.006316 -0.002920
v 0.003151 -0.008022 -0.002920
v 0.003000 -0.008022 -0.002780
v 0.003000 -0.006316 -0.002780
v 0.003151 -0.008022 -0.002920
v 0.002911 -0.008022 -0.003161
v 0.002771 -0.008022 -0.003009
v 0.003000 -0.008022 -0.002780
v 0.002911 -0.008022 -0.003161
v 0.002911 -0.006316 -0.003161
v 0.002771 -0.006316 -0.003009
v 0.002771 -0.008022 -0.003009
v 0.002383 -0.006316 -0.003579
v 0.002657 -0.006316 -0.003379
v 0.002529 -0.006316 -0.003216
v 0.002268 -0.006316 -0.003406
v 0.002657 -0.006316 -0.003379
v 0.002657 -0.008022 -0.003379
v 0.002529 -0.008022 -0.003216
v 0.002529 -0.006316 -0.003216
v 0.002657 -0.008022 -0.003379
v 0.002383 -0.008022 -0.003579
v 0.002268 -0.008022 -0.003406
v 0.002529 -0.008022 -0.003216
v 0.002383 -0.008022 -0.003579
v 0.002383 -0.006316 -0.003579
v 0.002268 -0.006316 -0.003406
v 0.002268 -0.008022 -0.003406
v 0.001795 -0.006316 -0.003909
v 0.002098 -0.006316 -0.003754
v 0.001996 -0.006316 -0.003573
v 0.001709 -0.006316 -0.003720
v 0.002098 -0.006316 -0.003754
v 0.002098 -0.008022 -0.003754
v 0.001996 -0.008022 -0.003573
v 0.001996 -0.006316 -0.003573
v 0.002098 -0.008022 -0.003754
v 0.001795 -0.008022 -0.003909
v 0.001709 -0.008022 -0.003720
v 0.001996 -0.008022 -0.003573
v 0.001795 -0.008022 -0.003909
v 0.001795 -0.006316 -0.003909
v 0.001709 -0.006316 -0.003720
v 0.001709 -0.008022 -0.003720
v 0.001163 -0.006316 -0.004142
v 0.001486 -0.006316 -0.004037
v 0.001415 -0.006316 -0.003843
v 0.001107 -0.006316 -0.003943
v 0.001486 -0.006316 -0.004037
v 0.001486 -0.008022 -0.004037
v 0.001415 -0.008022 -0.003843
v 0.001415 -0.006316 -0.003843
v 0.001486 -0.008022 -0.004037
v 0.001163 -0.008022 -0.004142
v 0.001107 -0.008022 -0.003943
v 0.001415 -0.008022 -0.003843
v 0.001163 -0.008022 -0.004142
v 0.001163 -0.006316 -0.004142
v 0.001107 -0.006316 -0.003943
v 0.001107 -0.008022 -0.003943
v 0.000503 -0.006316 -0.004274
v 0.000838 -0.006316 -0.004221
v 0.000798 -0.006316 -0.004017
v 0.000479 -0.006316 -0.004068
v 0.000838 -0.006316 -0.004221
v 0.000838 -0.008022 -0.004221
v 0.000798 -0.008022 -0.004017
v 0.000798 -0.006316 -0.004017
v 0.000838 -0.008022 -0.004221
v 0.000503 -0.008022 -0.004274
v 0.000479 -0.008022 -0.004068
v 0.000798 -0.008022 -0.004017
v 0.000503 -0.008022 -0.004274
v 0.000503 -0.006316 -0.004274
v 0.000479 -0.006316 -0.004068
v 0.000479 -0.008022 -0.004068
v -0.000170 -0.006316 -0.004300
v 0.000170 -0.006316 -0.004300
v 0.000162 -0.006316 -0.004093
v -0.000162 -0.006316 -0.004093
v 0.000170 -0.006316 -0.004300
v 0.000170 -0.008022 -0.004300
v 0.000162 -0.008022 -0.004093
v 0.000162 -0.006316 -0.004093
v 0.000170 -0.008022 -0.004300
v -0.000170 -0.008022 -0.004300
v -0.000162 -0.008022 -0.004093
v 0.000162 -0.008022 -0.004093
v -0.000170 -0.008022 -0.004300
v -0.000170 -0.006316 -0.004300
v -0.000162 -0.006316 -0.004093
v -0.000162 -0.008022 -0.004093
v -0.000838 -0.006316 -0.004221
v -0.000503 -0.006316 -0.004274
v -0.000479 -0.006316 -0.004068
v -0.000798 -0.006316 -0.004017
v -0.000503 -0.006316 -0.004274
v -0.000503 -0.008022 -0.004274
v -0.000479 -0.008022 -0.004068
v -0.000479 -0.006316 -0.004068
v -0.000503 -0.008022 -0.004274
v -0.000838 -0.008022 -0.004221
v -0.000798 -0.008022 -0.004017
v -0.000479 -0.008022 -0.004068
v -0.000838 -0.008022 -0.004221
v -0.000838 -0.006316 -0.004221
v -0.000798 -0.006316 -0.004017
v -0.000798 -0.008022 -0.004017
v -0.001486 -0.006316 -0.004037
v -0.001163 -0.006316 -0.004142
v -0.001107 -0.006316 -0.003943
v -0.001415 -0.006316 -0.003843
v -0.001163 -0.006316 -0.004142
v -0.001163 -0.008022 -0.004142
v -0.001107 -0.008022 -0.003943
v -0.001107 -0.006316 -0.003943
v -0.001163 -0.008022 -0.004142
v -0.001486 -0.008022 -0.004037
v -0.001415 -0.008022 -0.003843
v -0.001107 -0.008022 -0.003943
v -0.001486 -0.008022 -0.004037
v -0.001486 -0.006316 -0.004037
v -0.001415 -0.006316 -0.003843
v -0.001415 -0.008022 -0.003843
v -0.002098 -0.006316 -0.003754
v -0.001795 -0.006316 -0.003909
v -0.001709 -0.006316 -0.003720
v -0.001996 -0.006316 -0.003573
v -0.001795 -0.006316 -0.003909
v -0.001795 -0.008022 -0.003909
v -0.001709 -0.008022 -0.003720
v -0.001709 -0.006316 -0.003720
v -0.001795 -0.008022 -0.003909
v -0.002098 -0.008022 -0.003754
v -0.001996 -0.008022 -0.003573
v -0.001709 -0.008022 -0.003720
v -0.002098 -0.008022 -0.003754
v -0.002098 -0.006316 -0.003754
v -0.001996 -0.006316 -0.003573
v -0.001996 -0.008022 -0.003573
v -0.002657 -0.006316 -0.003379
v -0.002383 -0.006316 -0.003579
v -0.002268 -0.006316 -0.003406
v -0.002529 -0.006316 -0.003216
v -0.002383 -0.006316 -0.003579
v -0.002383 -0.008022 -0.003579
v -0.002268 -0.008022 -0.003406
v -0.002268 -0.006316 -0.003406
v -0.002383 -0.008022 -0.003579
v -0.002657 -0.008022 -0.003379
v -0.002529 -0.008022 -0.003216
v -0.002268 -0.008022 -0.003406
v -0.002657 -0.008022 -0.003379
v -0.002657 -0.006316 -0.003379
v -0.002529 -0.006316 -0.003216
v -0.002529 -0.008022 -0.003216
v -0.003151 -0.006316 -0.002920
v -0.002911 -0.006316 -0.003161
v -0.002771 -0.006316 -0.003009
v -0.003000 -0.006316 -0.002780
v -0.002911 -0.006316 -0.003161
v -0.002911 -0.008022 -0.003161
v -0.002771 -0.008022 -0.003009
v -0.002771 -0.006316 -0.003009
v -0.002911 -0.008022 -0.003161
v -0.003151 -0.008022 -0.002920
v -0.003000 -0.008022 -0.002780
v -0.002771 -0.008022 -0.003009
v -0.003151 -0.008022 -0.002920
v -0.003151 -0.006316 -0.002920
v -0.003000 -0.006316 -0.002780
v -0.003000 -0.008022 -0.002780
v -0.003568 -0.006316 -0.002390
v -0.003369 -0.006316 -0.002665
v -0.003206 -0.006316 -0.002537
v -0.003396 -0.006316 -0.002275
v -0.003369 -0.006316 -0.002665
v -0.003369 -0.008022 -0.002665
v -0.003206 -0.008022 -0.002537
v -0.003206 -0.006316 -0.002537
v -0.003369 -0.008022 -0.002665
v -0.003568 -0.008022 -0.002390
v -0.003396 -0.008022 -0.002275
v -0.003206 -0.008022 -0.002537
v -0.003568 -0.008022 -0.002390
v -0.003568 -0.006316 -0.002390
v -0.003396 -0.006316 -0.002275
v -0.003396 -0.008022 -0.002275
v -0.003897 -0.006316 -0.001801
v -0.003743 -0.006316 -0.002104
v -0.003562 -0.006316 -0.002003
v -0.003709 -0.006316 -0.001714
v -0.003743 -0.006316 -0.002104
v -0.003743 -0.008022 -0.002104
v -0.003562 -0.008022 -0.002003
v -0.003562 -0.006316 -0.002003
v -0.003743 -0.008022 -0.002104
v -0.003897 -0.008022 -0.001801
v -0.003709 -0.008022 -0.001714
v -0.003562 -0.008022 -0.002003
v -0.003897 -0.008022 -0.001801
v -0.003897 -0.006316 -0.001801
v -0.003709 -0.006316 -0.001714
v -0.003709 -0.008022 -0.001714
v -0.004130 -0.006316 -0.001167
v -0.004025 -0.006316 -0.001491
v -0.003831 -0.006316 -0.001419
v -0.003931 -0.006316 -0.001111
v -0.004025 -0.006316 -0.001491
v -0.004025 -0.008022 -0.001491
v -0.003831 -0.008022 -0.001419
v -0.003831 -0.006316 -0.001419
v -0.004025 -0.008022 -0.001491
v -0.004130 -0.008022 -0.001167
v -0.003931 -0.008022 -0.001111
v -0.003831 -0.008022 -0.001419
v -0.004130 -0.008022 -0.001167
v -0.004130 -0.006316 -0.001167
v -0.003931 -0.006316 -0.001111
v -0.003931 -0.008022 -0.001111
v -0.004261 -0.006316 -0.000505
v -0.004208 -0.006316 -0.000841
v -0.004005 -0.006316 -0.000800
v -0.004056 -0.006316 -0.000480
v -0.004208 -0.006316 -0.000841
v -0.004208 -0.008022 -0.000841
v -0.004005 -0.008022 -0.000800
v -0.004005 -0.006316 -0.000800
v -0.004208 -0.008022 -0.000841
v -0.004261 -0.008022 -0.000505
v -0.004056 -0.008022 -0.000480
v -0.004005 -0.008022 -0.000800
v -0.004261 -0.008022 -0.000505
v -0.004261 -0.006316 -0.000505
v -0.004056 -0.006316 -0.000480
v -0.004056 -0.008022 -0.000480
v -0.004287 -0.006316 0.000170
v -0.004287 -0.006316 -0.000170
v -0.004080 -0.006316 -0.000162
v -0.004080 -0.006316 0.000162
v -0.004287 -0.006316 -0.000170
v -0.004287 -0.008022 -0.000170
v -0.004080 -0.008022 -0.000162
v -0.004080 -0.006316 -0.000162
v -0.004287 -0.008022 -0.000170
v -0.004287 -0.008022 0.000170
v -0.004080 -0.008022 0.000162
v -0.004080 -0.008022 -0.000162
v -0.004287 -0.008022 0.000170
v -0.004287 -0.006316 0.000170
v -0.004080 -0.006316 0.000162
v -0.004080 -0.008022 0.000162
v -0.004208 -0.006316 0.000841
v -0.004261 -0.006316 0.000505
v -0.004056 -0.006316 0.000480
v -0.004005 -0.006316 0.000800
v -0.004261 -0.006316 0.000505
v -0.004261 -0.008022 0.000505
v -0.004056 -0.008022 0.000480
v -0.004056 -0.006316 0.000480
v -0.004261 -0.008022 0.000505
v -0.004208 -0.008022 0.000841
v -0.004005 -0.008022 0.000800
v -0.004056 -0.008022 0.000480
v -0.004208 -0.008022 0.000841
v -0.004208 -0.006316 0.000841
v -0.004005 -0.006316 0.000800
v -0.004005 -0.008022 0.000800
v -0.004025 -0.006316 0.001491
v -0.004130 -0.006316 0.001167
v -0.003931 -0.006316 0.001111
v -0.003831 -0.006316 0.001419
v -0.004130 -0.006316 0.001167
v -0.004130 -0.008022 0.001167
v -0.003931 -0.008022 0.001111
v -0.003931 -0.006316 0.001111
v -0.004130 -0.008022 0.001167
v -0.004025 -0.008022 0.001491
v -0.003831 -0.008022 0.001419
v -0.003931 -0.008022 0.001111
v -0.004025 -0.008022 0.001491
v -0.004025 -0.006316 0.001491
v -0.003831 -0.006316 0.001419
v -0.003831 -0.008022 0.001419
v -0.003743 -0.006316 0.002104
v -0.003897 -0.006316 0.001801
v -0.003709 -0.006316 0.001714
v -0.003562 -0.006316 0.002003
v -0.003897 -0.006316 0.001801
v -0.003897 -0.008022 0.001801
v -0.003709 -0.008022 0.001714
v -0.003709 -0.006316 0.001714
v -0.003897 -0.008022 0.001801
v -0.003743 -0.008022 0.002104
v -0.003562 -0.008022 0.002003
v -0.003709 -0.008022 0.001714
v -0.003743 -0.008022 0.002104
v -0.003743 -0.006316 0.002104
v -0.003562 -0.006316 0.002003
v -0.003562 -0.008022 0.002003
v -0.003369 -0.006316 0.002665
v -0.003568 -0.006316 0.002390
v -0.003396 -0.006316 0.002275
v -0.003206 -0.006316 0.002537
v -0.003568 -0.006316 0.002390
v -0.003568 -0.008022 0.002390
v -0.003396 -0.008022 0.002275
v -0.003396 -0.006316 0.002275
v -0.003568 -0.008022 0.002390
v -0.003369 -0.008022 0.002665
v -0.003206 -0.008022 0.002537
v -0.003396 -0.008022 0.002275
v -0.003369 -0.008022 0.002665
v -0.003369 -0.006316 0.002665
v -0.003206 -0.006316 0.002537
v -0.003206 -0.008022 0.002537
v -0.002911 -0.006316 0.003161
v -0.003151 -0.006316 0.002920
v -0.003000 -0.006316 0.002780
v -0.002771 -0.006316 0.003009
v -0.003151 -0.006316 0.002920
v -0.003151 -0.008022 0.002920
v -0.003000 -0.008022 0.002780
v -0.003000 -0.006316 0.002780
v -0.003151 -0.008022 0.002920
v -0.002911 -0.008022 0.003161
v -0.002771 -0.008022 0.003009
v -0.003000 -0.008022 0.002780
v -0.002911 -0.008022 0.003161
v -0.002911 -0.006316 0.003161
v -0.002771 -0.006316 0.003009
v -0.002771 -0.008022 0.003009
v -0.002383 -0.006316 0.003579
v -0.002657 -0.006316 0.003379
v -0.002529 -0.006316 0.003216
v -0.002268 -0.006316 0.003406
v -0.002657 -0.006316 0.003379
v -0.002657 -0.008022 0.003379
v -0.002529 -0.008022 0.003216
v -0.002529 -0.006316 0.003216
v -0.002657 -0.008022 0.003379
v -0.002383 -0.008022 0.003579
v -0.002268 -0.008022 0.003406
v -0.002529 -0.008022 0.003216
v -0.002383 -0.008022 0.003579
v -0.002383 -0.006316 0.003579
v -0.002268 -0.006316 0.003406
v -0.002268 -0.008022 0.003406
v -0.001795 -0.006316 0.003909
v -0.002098 -0.006316 0.003754
v -0.001996 -0.006316 0.003573
v -0.001709 -0.006316 0.003720
v -0.002098 -0.006316 0.003754
v -0.002098 -0.008022 0.003754
v -0.001996 -0.008022 0.003573
v -0.001996 -0.006316 0.003573
v -0.002098 -0.008022 0.003754
v -0.001795 -0.008022 0.003909
v -0.001709 -0.008022 0.003720
v -0.001996 -0.008022 0.003573
v -0.001795 -0.008022 0.003909
v -0.001795 -0.006316 0.003909
v -0.001709 -0.006316 0.003720
v -0.001709 -0.008022 0.003720
v -0.001163 -0.006316 0.004142
v -0.001486 -0.006316 0.004037
v -0.001415 -0.006316 0.003843
v -0.001107 -0.006316 0.003943
v -0.001486 -0.006316 0.004037
v -0.001486 -0.008022 0.004037
v -0.001415 -0.008022 0.003843
v -0.001415 -0.006316 0.003843
v -0.001486 -0.008022 0.004037
v -0.001163 -0.008022 0.004142
v -0.001107 -0.008022 0.003943
v -0.001415 -0.008022 0.003843
v -0.001163 -0.008022 0.004142
v -0.001163 -0.006316 0.004142
v -0.001107 -0.006316 0.003943
v -0.001107 -0.008022 0.003943
v -0.000503 -0.006316 0.004274
v -0.000838 -0.006316 0.004221
v -0.000798 -0.006316 0.004017
v -0.000479 -0.006316 0.004068
v -0.000838 -0.006316 0.004221
v -0.000838 -0.008022 0.004221
v -0.000798 -0.008022 0.004017
v -0.000798 -0.006316 0.004017
v -0.000838 -0.008022 0.004221
v -0.000503 -0.008022 0.004274
v -0.000479 -0.008022 0.004068
v -0.000798 -0.008022 0.004017
v -0.000503 -0.008022 0.004274
v -0.000503 -0.006316 0.004274
v -0.000479 -0.006316 0.004068
v -0.000479 -0.008022 0.004068
v 0.000170 -0.006316 0.004300
v -0.000170 -0.006316 0.004300
v -0.000162 -0.006316 0.004093
v 0.000162 -0.006316 0.004093
v -0.000170 -0.006316 0.004300
v -0.000170 -0.008022 0.004300
v -0.000162 -0.008022 0.004093
v -0.000162 -0.006316 0.004093
v -0.000170 -0.008022 0.004300
v 0.000170 -0.008022 0.004300
v 0.000162 -0.008022 0.004093
v -0.000162 -0.008022 0.004093
v 0.000170 -0.008022 0.004300
v 0.000170 -0.006316 0.004300
v 0.000162 -0.006316 0.004093
v 0.000162 -0.008022 0.004093
v 0.000838 -0.006316 0.004221
v 0.000503 -0.006316 0.004274
v 0.000479 -0.006316 0.004068
v 0.000798 -0.006316 0.004017
v 0.000503 -0.006316 0.004274
v 0.000503 -0.008022 0.004274
v 0.000479 -0.008022 0.004068
v 0.000479 -0.006316 0.004068
v 0.000503 -0.008022 0.004274
v 0.000838 -0.008022 0.004221
v 0.000798 -0.008022 0.004017
v 0.000479 -0.008022 0.004068
v 0.000838 -0.008022 0.004221
v 0.000838 -0.006316 0.004221
v 0.000798 -0.006316 0.004017
v 0.000798 -0.008022 0.004017
v 0.001486 -0.006316 0.004037
v 0.001163 -0.006316 0.004142
v 0.001107 -0.006316 0.003943
v 0.001415 -0.006316 0.003843
v 0.001163 -0.006316 0.004142
v 0.001163 -0.008022 0.004142
v 0.001107 -0.008022 0.003943
v 0.001107 -0.006316 0.003943
v 0.001163 -0.008022 0.004142
v 0.001486 -0.008022 0.004037
v 0.001415 -0.008022 0.003843
v 0.001107 -0.008022 0.003943
v 0.001486 -0.008022 0.004037
v 0.001486 -0.006316 0.004037
v 0.001415 -0.006316 0.003843
v 0.001415 -0.008022 0.003843
v 0.002098 -0.006316 0.003754
v 0.001795 -0.006316 0.003909
v 0.001709 -0.006316 0.003720
v 0.001996 -0.006316 0.003573
v 0.001795 -0.006316 0.003909
v 0.001795 -0.008022 0.003909
v 0.001709 -0.008022 0.003720
v 0.001709 -0.006316 0.003720
v 0.001795 -0.008022 0.003909
v 0.002098 -0.008022 0.003754
v 0.001996 -0.008022 0.003573
v 0.001709 -0.008022 0.003720
v 0.002098 -0.008022 0.003754
v 0.002098 -0.006316 0.003754
v 0.001996 -0.006316 0.003573
v 0.001996 -0.008022 0.003573
v 0.002657 -0.006316 0.003379
v 0.002383 -0.006316 0.003579
v 0.002268 -0.006316 0.003406
v 0.002529 -0.006316 0.003216
v 0.002383 -0.006316 0.003579
v 0.002383 -0.008022 0.003579
v 0.002268 -0.008022 0.003406
v 0.002268 -0.006316 0.003406
v 0.002383 -0.008022 0.003579
v 0.002657 -0.008022 0.003379
v 0.002529 -0.008022 0.003216
v 0.002268 -0.008022 0.003406
v 0.002657 -0.008022 0.003379
v 0.002657 -0.006316 0.003379
v 0.002529 -0.006316 0.003216
v 0.002529 -0.008022 0.003216
v 0.003151 -0.006316 0.002920
v 0.002911 -0.006316 0.003161
v 0.002771 -0.006316 0.003009
v 0.003000 -0.006316 0.002780
v 0.002911 -0.006316 0.003161
v 0.002911 -0.008022 0.003161
v 0.002771 -0.008022 0.003009
v 0.002771 -0.006316 0.003009
v 0.002911 -0.008022 0.003161
v 0.003151 -0.008022 0.002920
v 0.003000 -0.008022 0.002780
v 0.002771 -0.008022 0.003009
v 0.003151 -0.008022 0.002920
v 0.003151 -0.006316 0.002920
v 0.003000 -0.006316 0.002780
v 0.003000 -0.008022 0.002780
v 0.003568 -0.006316 0.002390
v 0.003369 -0.006316 0.002665
v 0.003206 -0.006316 0.002537
v 0.003396 -0.006316 0.002275
v 0.003369 -0.006316 0.002665
v 0.003369 -0.008022 0.002665
v 0.003206 -0.008022 0.002537
v 0.003206 -0.006316 0.002537
v 0.003369 -0.008022 0.002665
v 0.003568 -0.008022 0.002390
v 0.003396 -0.008022 0.002275
v 0.003206 -0.008022 0.002537
v 0.003568 -0.008022 0.002390
v 0.003568 -0.006316 0.002390
v 0.003396 -0.006316 0.002275
v 0.003396 -0.008022 0.002275
v 0.003897 -0.006316 0.001801
v 0.003743 -0.006316 0.002104
v 0.003562 -0.006316 0.002003
v 0.003709 -0.006316 0.001714
v 0.003743 -0.006316 0.002104
v 0.003743 -0.008022 0.002104
v 0.003562 -0.008022 0.002003
v 0.003562 -0.006316 0.002003
v 0.003743 -0.008022 0.002104
v 0.003897 -0.008022 0.001801
v 0.003709 -0.008022 0.001714
v 0.003562 -0.008022 0.002003
v 0.003897 -0.008022 0.001801
v 0.003897 -0.006316 0.001801
v 0.003709 -0.006316 0.001714
v 0.003709 -0.008022 0.001714
v 0.004130 -0.006316 0.001167
v 0.004025 -0.006316 0.001491
v 0.003831 -0.006316 0.001419
v 0.003931 -0.006316 0.001111
v 0.004025 -0.006316 0.001491
v 0.004025 -0.008022 0.001491
v 0.003831 -0.008022 0.001419
v 0.003831 -0.006316 0.001419
v 0.004025 -0.008022 0.001491
v 0.004130 -0.008022 0.001167
v 0.003931 -0.008022 0.001111
v 0.003831 -0.008022 0.001419
v 0.004130 -0.008022 0.001167
v 0.004130 -0.006316 0.001167
v 0.003931 -0.006316 0.001111
v 0.003931 -0.008022 0.001111
v 0.004261 -0.006316 0.000505
v 0.004208 -0.006316 0.000841
v 0.004005 -0.006316 0.000800
v 0.004056 -0.006316 0.000480
v 0.004208 -0.006316 0.000841
v 0.004208 -0.008022 0.000841
v 0.004005 -0.008022 0.000800
v 0.004005 -0.006316 0.000800
v 0.004208 -0.008022 0.000841
v 0.004261 -0.008022 0.000505
v 0.004056 -0.008022 0.000480
v 0.004005 -0.008022 0.000800
v 0.004261 -0.008022 0.000505
v 0.004261 -0.006316 0.000505
v 0.004056 -0.006316 0.000480
v 0.004056 -0.008022 0.000480
v 0.004287 -0.006316 -0.000170
v 0.004287 -0.006316 0.000170
v 0.004081 -0.006316 0.000162
v 0.004081 -0.006316 -0.000162
v 0.004287 -0.006316 0.000170
v 0.004287 -0.008022 0.000170
v 0.004081 -0.008022 0.000162
v 0.004081 -0.006316 0.000162
v 0.004287 -0.008022 0.000170
v 0.004287 -0.008022 -0.000170
v 0.004081 -0.008022 -0.000162
v 0.004081 -0.008022 0.000162
v 0.004287 -0.008022 -0.000170
v 0.004287 -0.006316 -0.000170
v 0.004081 -0.006316 -0.000162
v 0.004081 -0.008022 -0.000162
v 0.004479 -0.006301 -0.000712
v 0.004313 -0.006301 -0.001406
v 0.004041 -0.006301 -0.002065
v 0.003669 -0.006301 -0.002674
v 0.003207 -0.006301 -0.003217
v 0.002666 -0.006301 -0.003680
v 0.002059 -0.006301 -0.004053
v 0.001401 -0.006301 -0.004326
v 0.000709 -0.006301 -0.004493
v -0.000000 -0.006301 -0.004549
v -0.000000 -0.006301 -0.004549
v -0.000709 -0.006301 -0.004493
v -0.001401 -0.006301 -0.004326
v -0.002059 -0.006301 -0.004053
v -0.002666 -0.006301 -0.003680
v -0.003207 -0.006301 -0.003217
v -0.003669 -0.006301 -0.002674
v -0.004041 -0.006301 -0.002065
v -0.004313 -0.006301 -0.001406
v -0.004479 -0.006301 -0.000712
v -0.004535 -0.006301 0.000000
v -0.004479 -0.006301 0.000712
v -0.004313 -0.006301 0.001406
v -0.004041 -0.006301 0.002065
v -0.003669 -0.006301 0.002674
v -0.003207 -0.006301 0.003217
v -0.002666 -0.006301 0.003680
v -0.002059 -0.006301 0.004053
v -0.001401 -0.006301 0.004326
v -0.000709 -0.006301 0.004493
v -0.000000 -0.006301 0.004549
v 0.000709 -0.006301 0.004493
v 0.001401 -0.006301 0.004326
v 0.002059 -0.006301 0.004053
v 0.002666 -0.006301 0.003680
v 0.003207 -0.006301 0.003217
v 0.003669 -0.006301 0.002674
v 0.004041 -0.006301 0.002065
v 0.004313 -0.006301 0.001406
v 0.004479 -0.006301 0.000712
v 0.004535 -0.006301 0.000000
v 0.004313 -0.006301 -0.001406
v 0.004479 -0.006301 -0.000712
v 0.004025 -0.006316 -0.001491
v 0.004130 -0.006316 -0.001167
v 0.004208 -0.006316 -0.000841
v 0.004041 -0.006301 -0.002065
v 0.003743 -0.006316 -0.002104
v 0.003897 -0.006316 -0.001801
v 0.003207 -0.006301 -0.003217
v 0.002911 -0.006316 -0.003161
v 0.003151 -0.006316 -0.002920
v 0.002666 -0.006301 -0.003680
v 0.002383 -0.006316 -0.003579
v 0.002657 -0.006316 -0.003379
v 0.002059 -0.006301 -0.004053
v 0.001795 -0.006316 -0.003909
v 0.002098 -0.006316 -0.003754
v 0.001401 -0.006301 -0.004326
v 0.001163 -0.006316 -0.004142
v 0.001486 -0.006316 -0.004037
v -0.000000 -0.006301 -0.004549
v -0.000170 -0.006316 -0.004300
v 0.000170 -0.006316 -0.004300
v -0.002059 -0.006301 -0.004053
v -0.002098 -0.006316 -0.003754
v -0.001795 -0.006316 -0.003909
v -0.002666 -0.006301 -0.003680
v -0.002657 -0.006316 -0.003379
v -0.002383 -0.006316 -0.003579
v -0.003207 -0.006301 -0.003217
v -0.003151 -0.006316 -0.002920
v -0.002911 -0.006316 -0.003161
v -0.004041 -0.006301 -0.002065
v -0.003897 -0.006316 -0.001801
v -0.003743 -0.006316 -0.002104
v -0.004313 -0.006301 -0.001406
v -0.004130 -0.006316 -0.001167
v -0.004025 -0.006316 -0.001491
v -0.004479 -0.006301 0.000712
v -0.004208 -0.006316 0.000841
v -0.004261 -0.006316 0.000505
v -0.002666 -0.006301 0.003680
v -0.002383 -0.006316 0.003579
v -0.002657 -0.006316 0.003379
v -0.001401 -0.006301 0.004326
v -0.001163 -0.006316 0.004142
v -0.001486 -0.006316 0.004037
v -0.000000 -0.006301 0.004549
v 0.000170 -0.006316 0.004300
v -0.000170 -0.006316 0.004300
v 0.000709 -0.006301 0.004493
v 0.000838 -0.006316 0.004221
v 0.000503 -0.006316 0.004274
v 0.002666 -0.006301 0.003680
v 0.002657 -0.006316 0.003379
v 0.002383 -0.006316 0.003579
v 0.003207 -0.006301 0.003217
v 0.003151 -0.006316 0.002920
v 0.002911 -0.006316 0.003161
v 0.003669 -0.006301 0.002674
v 0.003568 -0.006316 0.002390
v 0.003369 -0.006316 0.002665
v 0.004041 -0.006301 0.002065
v 0.003897 -0.006316 0.001801
v 0.003743 -0.006316 0.002104
v 0.004479 -0.006301 0.000712
v 0.004261 -0.006316 0.000505
v 0.004208 -0.006316 0.000841
v 0.004535 -0.006301 0.000000
v 0.004287 -0.006316 -0.000170
v 0.004287 -0.006316 0.000170
v 0.004261 -0.006316 -0.000505
vn 0.9765 0.1503 -0.1542
vn 0.9874 0.0265 -0.1559
vn 0.9510 0.0265 -0.3081
vn 0.9405 0.1503 -0.3047
vn 0.8912 0.0266 -0.4527
vn 0.8814 0.1504 -0.4477
vn 0.8096 0.0266 -0.5864
vn 0.8007 0.1504 -0.5799
vn 0.7079 0.0266 -0.7058
vn 0.7001 0.1505 -0.6980
vn 0.5887 0.0266 -0.8079
vn 0.5822 0.1506 -0.7990
vn 0.4549 0.0266 -0.8901
vn 0.4499 0.1506 -0.8803
vn 0.3098 0.0266 -0.9504
vn 0.3063 0.1507 -0.9399
vn 0.1568 0.0266 -0.9873
vn 0.1551 0.1507 -0.9763
vn -0.0000 0.0266 -0.9996
vn -0.0000 0.1507 -0.9886
vn -0.1568 0.0266 -0.9873
vn -0.1551 0.1507 -0.9763
vn -0.3098 0.0266 -0.9504
vn -0.3063 0.1507 -0.9399
vn -0.4549 0.0266 -0.8901
vn -0.4499 0.1506 -0.8803
vn -0.5887 0.0266 -0.8079
vn -0.5822 0.1506 -0.7990
vn -0.7079 0.0266 -0.7058
vn -0.7001 0.1505 -0.6980
vn -0.8096 0.0266 -0.5864
vn -0.8007 0.1504 -0.5799
vn -0.8913 0.0266 -0.4527
vn -0.8814 0.1504 -0.4477
vn -0.9510 0.0265 -0.3081
vn -0.9405 0.1503 -0.3047
vn -0.9874 0.0265 -0.1559
vn -0.9765 0.1503 -0.1542
vn -0.9996 0.0265 -0.0000
vn -0.9886 0.1503 -0.0000
vn -0.9874 0.0265 0.1559
vn -0.9765 0.1503 0.1542
vn -0.9510 0.0265 0.3081
vn -0.9405 0.1503 0.3047
vn -0.8913 0.0266 0.4527
vn -0.8814 0.1504 0.4477
vn -0.8096 0.0266 0.5864
vn -0.8007 0.1504 0.5799
vn -0.7079 0.0266 0.7058
vn -0.7001 0.1505 0.6980
vn -0.5887 0.0266 0.8079
vn -0.5822 0.1506 0.7990
vn -0.4549 0.0266 0.8901
vn -0.4499 0.1506 0.8803
vn -0.3098 0.0266 0.9504
vn -0.3063 0.1507 0.9399
vn -0.1568 0.0266 0.9873
vn -0.1551 0.1507 0.9763
vn -0.0000 0.0266 0.9996
vn -0.0000 0.1507 0.9886
vn 0.1568 0.0266 0.9873
vn 0.1551 0.1507 0.9763
vn 0.3098 0.0266 0.9504
vn 0.3063 0.1507 0.9399
vn 0.4549 0.0266 0.8901
vn 0.4499 0.1506 0.8803
vn 0.5887 0.0266 0.8079
vn 0.5822 0.1506 0.7990
vn 0.7079 0.0266 0.7058
vn 0.7001 0.1505 0.6980
vn 0.8096 0.0266 0.5864
vn 0.8006 0.1505 0.5799
vn 0.8912 0.0266 0.4527
vn 0.8814 0.1504 0.4477
vn 0.9510 0.0265 0.3081
vn 0.9405 0.1503 0.3047
vn 0.9874 0.0265 0.1559
vn 0.9765 0.1503 0.1542
vn 0.9996 0.0265 -0.0000
vn 0.9886 0.1503 -0.0000
vn 0.9411 0.3037 -0.1486
vn 0.9638 0.2189 -0.1522
vn 0.9283 0.2189 -0.3007
vn 0.9064 0.3038 -0.2936
vn 0.8699 0.2190 -0.4419
vn 0.8494 0.3039 -0.4315
vn 0.7902 0.2191 -0.5724
vn 0.7715 0.3040 -0.5589
vn 0.6909 0.2192 -0.6889
vn 0.6746 0.3041 -0.6726
vn 0.5746 0.2193 -0.7885
vn 0.5610 0.3043 -0.7699
vn 0.4440 0.2194 -0.8688
vn 0.4335 0.3044 -0.8482
vn 0.3023 0.2194 -0.9276
vn 0.2952 0.3045 -0.9056
vn 0.1531 0.2195 -0.9635
vn 0.1494 0.3046 -0.9407
vn -0.0000 0.2195 -0.9756
vn -0.0000 0.3046 -0.9525
vn -0.1531 0.2195 -0.9635
vn -0.1495 0.3046 -0.9407
vn -0.3023 0.2194 -0.9276
vn -0.2951 0.3045 -0.9056
vn -0.4440 0.2194 -0.8688
vn -0.4335 0.3044 -0.8482
vn -0.5746 0.2193 -0.7885
vn -0.5610 0.3043 -0.7698
vn -0.6910 0.2192 -0.6889
vn -0.6746 0.3042 -0.6726
vn -0.7902 0.2191 -0.5723
vn -0.7715 0.3040 -0.5588
vn -0.8699 0.2190 -0.4419
vn -0.8494 0.3039 -0.4315
vn -0.9282 0.2189 -0.3007
vn -0.9064 0.3038 -0.2936
vn -0.9638 0.2189 -0.1522
vn -0.9411 0.3038 -0.1486
vn -0.9758 0.2189 -0.0000
vn -0.9528 0.3038 -0.0000
vn -0.9638 0.2189 0.1522
vn -0.9411 0.3037 0.1486
vn -0.9282 0.2189 0.3007
vn -0.9064 0.3038 0.2936
vn -0.8699 0.2190 0.4419
vn -0.8494 0.3039 0.4315
vn -0.7902 0.2191 0.5723
vn -0.7715 0.3040 0.5588
vn -0.6910 0.2192 0.6889
vn -0.6746 0.3042 0.6726
vn -0.5746 0.2193 0.7885
vn -0.5610 0.3043 0.7699
vn -0.4440 0.2194 0.8688
vn -0.4335 0.3044 0.8482
vn -0.3023 0.2194 0.9276
vn -0.2951 0.3045 0.9056
vn -0.1531 0.2195 0.9635
vn -0.1495 0.3046 0.9407
vn -0.0000 0.2195 0.9756
vn -0.0000 0.3046 0.9525
vn 0.1531 0.2195 0.9635
vn 0.1494 0.3046 0.9407
vn 0.3023 0.2194 0.9276
vn 0.2952 0.3045 0.9056
vn 0.4440 0.2194 0.8688
vn 0.4335 0.3044 0.8482
vn 0.5746 0.2193 0.7885
vn 0.5610 0.3043 0.7699
vn 0.6909 0.2192 0.6889
vn 0.6746 0.3041 0.6726
vn 0.7902 0.2191 0.5724
vn 0.7715 0.3040 0.5588
vn 0.8699 0.2190 0.4419
vn 0.8494 0.3039 0.4315
vn 0.9283 0.2189 0.3007
vn 0.9064 0.3038 0.2936
vn 0.9638 0.2189 0.1522
vn 0.9411 0.3037 0.1486
vn 0.9758 0.2189 -0.0000
vn 0.9528 0.3038 -0.0000
vn -0.0000 1.0000 -0.0000
vn 0.2951 0.3045 -0.9057
vn 0.1494 0.3045 -0.9407
vn -0.0001 0.3045 -0.9525
vn -0.1495 0.3045 -0.9407
vn -0.2952 0.3045 -0.9056
vn -0.6747 0.3041 -0.6725
vn -0.7716 0.3040 -0.5588
vn -0.9411 0.3037 -0.1486
vn -0.9528 0.3037 0.0001
vn -0.9063 0.3038 0.2937
vn -0.7715 0.3040 0.5589
vn -0.6746 0.3041 0.6726
vn -0.1494 0.3045 0.9407
vn -0.0000 0.3045 0.9525
vn 0.1495 0.3045 0.9407
vn 0.6747 0.3041 0.6726
vn 0.7716 0.3040 0.5588
vn 0.8494 0.3039 0.4314
vn 0.9528 0.3037 -0.0001
vn 0.9725 -0.0000 -0.2328
vn 0.9243 -0.0000 -0.3817
vn 0.8534 -0.0000 -0.5213
vn 0.7614 -0.0000 -0.6483
vn 0.6506 -0.0000 -0.7594
vn 0.5237 -0.0000 -0.8519
vn 0.3837 -0.0000 -0.9235
vn 0.2341 -0.0000 -0.9722
vn 0.0787 -0.0000 -0.9969
vn -0.0787 -0.0000 -0.9969
vn -0.2341 -0.0000 -0.9722
vn -0.3837 -0.0000 -0.9235
vn -0.5237 -0.0000 -0.8519
vn -0.6506 -0.0000 -0.7594
vn -0.7614 -0.0000 -0.6483
vn -0.8534 -0.0000 -0.5213
vn -0.9243 -0.0000 -0.3817
vn -0.9725 -0.0000 -0.2328
vn -0.9969 -0.0000 -0.0782
vn -0.9969 -0.0000 0.0782
vn -0.9725 -0.0000 0.2328
vn -0.9243 -0.0000 0.3817
vn -0.8534 -0.0000 0.5213
vn -0.7614 -0.0000 0.6483
vn -0.6506 -0.0000 0.7594
vn -0.5236 -0.0000 0.8519
vn -0.3837 -0.0000 0.9235
vn -0.2341 -0.0000 0.9722
vn -0.0787 -0.0000 0.9969
vn 0.0787 -0.0000 0.9969
vn 0.2341 -0.0000 0.9722
vn 0.3837 -0.0000 0.9235
vn 0.5237 -0.0000 0.8519
vn 0.6506 -0.0000 0.7594
vn 0.7614 -0.0000 0.6483
vn 0.8534 -0.0000 0.5213
vn 0.9243 -0.0000 0.3817
vn 0.9725 -0.0000 0.2328
vn 0.9969 -0.0000 0.0782
vn 0.9969 -0.0000 -0.0782
vn 0.9484 -0.0782 -0.3072
vn 0.9513 -0.0000 -0.3082
vn 0.9878 -0.0000 -0.1560
vn 0.9847 -0.0783 -0.1555
vn 0.8888 -0.0782 -0.4515
vn 0.8916 -0.0000 -0.4529
vn 0.8074 -0.0783 -0.5848
vn 0.8099 -0.0000 -0.5866
vn 0.7060 -0.0783 -0.7039
vn 0.7082 -0.0000 -0.7061
vn 0.5871 -0.0784 -0.8057
vn 0.5889 -0.0000 -0.8082
vn 0.4537 -0.0785 -0.8877
vn 0.4551 -0.0000 -0.8905
vn 0.3089 -0.0785 -0.9478
vn 0.3099 -0.0000 -0.9508
vn 0.1564 -0.0784 -0.9846
vn 0.1569 -0.0000 -0.9876
vn -0.0000 -0.0785 -0.9969
vn -0.0000 -0.0000 -1.0000
vn -0.1564 -0.0785 -0.9846
vn -0.1569 -0.0000 -0.9876
vn -0.3089 -0.0785 -0.9478
vn -0.3099 -0.0000 -0.9508
vn -0.4537 -0.0785 -0.8877
vn -0.4551 -0.0000 -0.8905
vn -0.5871 -0.0784 -0.8057
vn -0.5889 -0.0000 -0.8082
vn -0.7060 -0.0784 -0.7038
vn -0.7082 -0.0000 -0.7060
vn -0.8074 -0.0783 -0.5848
vn -0.8099 -0.0000 -0.5866
vn -0.8888 -0.0782 -0.4515
vn -0.8916 -0.0000 -0.4529
vn -0.9484 -0.0783 -0.3072
vn -0.9513 -0.0000 -0.3082
vn -0.9847 -0.0783 -0.1555
vn -0.9878 -0.0000 -0.1560
vn -0.9969 -0.0783 -0.0000
vn -1.0000 -0.0000 -0.0000
vn -0.9847 -0.0783 0.1555
vn -0.9878 -0.0000 0.1560
vn -0.9484 -0.0783 0.3072
vn -0.9513 -0.0000 0.3082
vn -0.8888 -0.0782 0.4515
vn -0.8916 -0.0000 0.4529
vn -0.8074 -0.0783 0.5848
vn -0.8099 -0.0000 0.5866
vn -0.7060 -0.0784 0.7039
vn -0.7082 -0.0000 0.7060
vn -0.5871 -0.0783 0.8057
vn -0.5889 -0.0000 0.8082
vn -0.4537 -0.0784 0.8877
vn -0.4551 -0.0000 0.8905
vn -0.3089 -0.0785 0.9478
vn -0.3099 -0.0000 0.9508
vn -0.1564 -0.0785 0.9846
vn -0.1569 -0.0000 0.9876
vn -0.0000 -0.0785 0.9969
vn -0.0000 -0.0000 1.0000
vn 0.1564 -0.0784 0.9846
vn 0.1569 -0.0000 0.9876
vn 0.3089 -0.0784 0.9478
vn 0.3099 -0.0000 0.9508
vn 0.4537 -0.0785 0.8877
vn 0.4551 -0.0000 0.8905
vn 0.5871 -0.0784 0.8057
vn 0.5889 -0.0000 0.8082
vn 0.7060 -0.0783 0.7039
vn 0.7082 -0.0000 0.7061
vn 0.8074 -0.0783 0.5848
vn 0.8099 -0.0000 0.5866
vn 0.8888 -0.0783 0.4515
vn 0.8916 -0.0000 0.4529
vn 0.9484 -0.0782 0.3072
vn 0.9513 -0.0000 0.3082
vn 0.9847 -0.0783 0.1555
vn 0.9878 -0.0000 0.1560
vn 0.9969 -0.0782 -0.0000
vn 1.0000 -0.0000 -0.0000
vn 0.9330 -0.3284 -0.1473
vn 0.8986 -0.3284 -0.2911
vn 0.8421 -0.3285 -0.4278
vn 0.7649 -0.3287 -0.5540
vn 0.6688 -0.3288 -0.6668
vn 0.5562 -0.3290 -0.7632
vn 0.4297 -0.3291 -0.8409
vn 0.2926 -0.3292 -0.8978
vn 0.1482 -0.3292 -0.9326
vn -0.0000 -0.3292 -0.9442
vn -0.0000 -0.3292 -0.9443
vn -0.1481 -0.3292 -0.9326
vn -0.2926 -0.3292 -0.8978
vn -0.4297 -0.3291 -0.8409
vn -0.5562 -0.3289 -0.7632
vn -0.6688 -0.3288 -0.6668
vn -0.7649 -0.3287 -0.5540
vn -0.8421 -0.3285 -0.4278
vn -0.8986 -0.3284 -0.2911
vn -0.9330 -0.3284 -0.1473
vn -0.9445 -0.3284 -0.0000
vn -0.9330 -0.3284 0.1473
vn -0.8986 -0.3284 0.2911
vn -0.8421 -0.3285 0.4278
vn -0.7649 -0.3287 0.5540
vn -0.6688 -0.3288 0.6668
vn -0.5562 -0.3289 0.7632
vn -0.4297 -0.3291 0.8409
vn -0.2926 -0.3292 0.8978
vn -0.1482 -0.3292 0.9325
vn -0.0000 -0.3293 0.9442
vn 0.1482 -0.3292 0.9326
vn 0.2926 -0.3292 0.8978
vn 0.4297 -0.3291 0.8409
vn 0.5562 -0.3290 0.7632
vn 0.6688 -0.3288 0.6668
vn 0.7649 -0.3287 0.5540
vn 0.8421 -0.3285 0.4278
vn 0.8986 -0.3284 0.2911
vn 0.9330 -0.3284 0.1473
vn 0.9445 -0.3284 -0.0000
vn 0.8985 -0.3285 -0.2910
vn -0.0000 -1.0000 -0.0000
vn 0.8421 -0.3286 -0.4277
vn 0.6688 -0.3289 -0.6667
vn 0.4298 -0.3291 -0.8408
vn 0.1482 -0.3293 -0.9325
vn 0.0001 -0.3293 -0.9442
vn -0.1481 -0.3293 -0.9325
vn -0.2925 -0.3292 -0.8978
vn -0.5561 -0.3290 -0.7632
vn -0.6687 -0.3289 -0.6668
vn -0.7649 -0.3288 -0.5540
vn -0.8420 -0.3286 -0.4278
vn -0.8985 -0.3285 -0.2911
vn -0.9330 -0.3284 -0.1474
vn -0.9445 -0.3284 -0.0001
vn -0.8985 -0.3285 0.2910
vn -0.8421 -0.3286 0.4277
vn -0.7649 -0.3288 0.5540
vn -0.6688 -0.3289 0.6667
vn -0.5562 -0.3290 0.7631
vn -0.4298 -0.3291 0.8408
vn -0.1482 -0.3293 0.9325
vn -0.0001 -0.3293 0.9442
vn 0.1481 -0.3293 0.9325
vn 0.2925 -0.3292 0.8978
vn 0.6687 -0.3289 0.6668
vn 0.7648 -0.3287 0.5541
vn 0.8420 -0.3286 0.4278
vn 0.8985 -0.3285 0.2911
vn 0.9330 -0.3284 0.1474
vn 0.9445 -0.3284 0.0001
vn 0.7081 -0.0000 -0.7061
vn 0.5890 -0.0000 -0.8082
vn -0.3098 -0.0000 -0.9508
vn -0.8915 -0.0000 -0.4529
vn -0.8915 -0.0000 0.4529
vn 0.5890 -0.0000 0.8082
vn 0.7081 -0.0000 0.7061
vn 0.0482 -0.9981 -0.0392
vn 0.0502 -0.9981 -0.0356
vn 0.0530 -0.9980 -0.0335
vn 0.0063 -0.9981 -0.0617
vn 0.0102 -0.9981 -0.0605
vn 0.0137 -0.9980 -0.0610
vn -0.0131 -0.9981 -0.0606
vn -0.0092 -0.9981 -0.0614
vn -0.0059 -0.9980 -0.0622
vn -0.0225 -0.9981 -0.0578
vn -0.0185 -0.9981 -0.0586
vn -0.0156 -0.9980 -0.0605
vn -0.0523 -0.9981 -0.0336
vn -0.0495 -0.9981 -0.0365
vn -0.0483 -0.9980 -0.0398
vn -0.0619 -0.9981 -0.0063
vn -0.0613 -0.9981 -0.0101
vn -0.0611 -0.9980 -0.0136
vn -0.0621 -0.9981 0.0035
vn -0.0616 -0.9981 -0.0006
vn -0.0624 -0.9980 -0.0038
vn -0.0580 -0.9981 0.0224
vn -0.0593 -0.9981 0.0187
vn -0.0606 -0.9980 0.0156
vn -0.0538 -0.9981 0.0312
vn -0.0557 -0.9981 0.0277
vn -0.0576 -0.9980 0.0247
vn -0.0482 -0.9981 0.0392
vn -0.0507 -0.9981 0.0360
vn -0.0530 -0.9980 0.0334
vn -0.0415 -0.9981 0.0462
vn -0.0440 -0.9981 0.0430
vn -0.0470 -0.9980 0.0413
vn -0.0251 -0.9981 0.0567
vn -0.0285 -0.9981 0.0544
vn -0.0318 -0.9980 0.0537
vn -0.0063 -0.9981 0.0617
vn -0.0102 -0.9981 0.0605
vn -0.0136 -0.9980 0.0609
vn 0.0225 -0.9981 0.0578
vn 0.0188 -0.9981 0.0591
vn 0.0155 -0.9980 0.0607
vn 0.0313 -0.9981 0.0536
vn 0.0274 -0.9981 0.0550
vn 0.0249 -0.9981 0.0572
vn 0.0602 -0.9981 0.0158
vn 0.0584 -0.9981 0.0196
vn 0.0582 -0.9980 0.0230
vn -0.1176 -0.0000 -0.9931
vn 0.1960 -0.0000 0.9806
vn -0.2719 -0.0000 -0.9623
vn 0.3473 -0.0000 0.9377
vn -0.4194 -0.0000 -0.9078
vn 0.4900 -0.0000 0.8717
vn -0.5565 -0.0000 -0.8309
vn 0.6205 -0.0000 0.7842
vn -0.6797 -0.0000 -0.7335
vn 0.7355 -0.0000 0.6775
vn -0.7860 -0.0000 -0.6182
vn 0.8324 -0.0000 0.5541
vn -0.8730 -0.0000 -0.4878
vn -0.8730 -0.0000 -0.4877
vn 0.9088 -0.0000 0.4173
vn -0.9384 -0.0000 -0.3455
vn 0.9627 -0.0000 0.2704
vn -0.9808 -0.0000 -0.1948
vn 0.9931 -0.0000 0.1169
vn -0.9992 -0.0000 -0.0394
vn 0.9992 -0.0000 -0.0394
vn -0.9931 -0.0000 0.1169
vn 0.9808 -0.0000 -0.1948
vn -0.9628 -0.0000 0.2704
vn 0.9384 -0.0000 -0.3455
vn -0.9088 -0.0000 0.4173
vn 0.8730 -0.0000 -0.4878
vn -0.8324 -0.0000 0.5542
vn 0.7860 -0.0000 -0.6182
vn -0.7356 -0.0000 0.6775
vn 0.6797 -0.0000 -0.7335
vn -0.6205 -0.0000 0.7842
vn 0.5565 -0.0000 -0.8309
vn -0.4900 -0.0000 0.8717
vn 0.4194 -0.0000 -0.9078
vn -0.3473 -0.0000 0.9377
vn 0.2719 -0.0000 -0.9623
vn -0.1960 -0.0000 0.9806
vn 0.1176 -0.0000 -0.9931
vn -0.0397 -0.0000 0.9992
vn -0.0397 -0.0000 -0.9992
vn 0.1176 -0.0000 0.9931
vn -0.1960 -0.0000 -0.9806
vn 0.2719 -0.0000 0.9623
vn -0.3473 -0.0000 -0.9378
vn 0.4194 -0.0000 0.9078
vn -0.4900 -0.0000 -0.8717
vn 0.5565 -0.0000 0.8308
vn -0.6205 -0.0000 -0.7842
vn 0.6797 -0.0000 0.7335
vn -0.7355 -0.0000 -0.6775
vn 0.7860 -0.0000 0.6182
vn -0.8324 -0.0000 -0.5542
vn 0.8730 -0.0000 0.4878
vn -0.9088 -0.0000 -0.4173
vn 0.9384 -0.0000 0.3455
vn -0.9628 -0.0000 -0.2704
vn 0.9808 -0.0000 0.1948
vn -0.9931 -0.0000 -0.1169
vn 0.9992 -0.0000 0.0394
vn -0.9992 -0.0000 0.0394
vn 0.9931 -0.0000 -0.1169
vn -0.9808 -0.0000 0.1948
vn 0.9627 -0.0000 -0.2704
vn -0.9384 -0.0000 0.3455
vn 0.9087 -0.0000 -0.4173
vn -0.8730 -0.0000 0.4878
vn 0.8324 -0.0000 -0.5541
vn -0.7861 -0.0000 0.6182
vn 0.7355 -0.0000 -0.6775
vn -0.6797 -0.0000 0.7335
vn 0.6205 -0.0000 -0.7842
vn -0.5565 -0.0000 0.8308
vn 0.4900 -0.0000 -0.8717
vn -0.4194 -0.0000 0.9078
vn 0.3473 -0.0000 -0.9377
vn -0.2719 -0.0000 0.9623
vn 0.1960 -0.0000 -0.9806
vn -0.1176 -0.0000 0.9931
vn 0.0397 -0.0000 -0.9992
vn 0.0397 -0.0000 0.9992
vn 0.9878 0.0049 -0.1560
vn 0.9513 0.0049 -0.3082
vn 0.8915 0.0050 -0.4529
vn 0.8098 0.0050 -0.5866
vn 0.7082 0.0050 -0.7060
vn 0.5889 0.0050 -0.8082
vn 0.4551 0.0050 -0.8904
vn 0.3099 0.0050 -0.9508
vn 0.1569 0.0050 -0.9876
vn -0.0000 0.0050 -1.0000
vn -0.1569 0.0050 -0.9876
vn -0.3099 0.0050 -0.9508
vn -0.4551 0.0050 -0.8904
vn -0.5889 0.0050 -0.8082
vn -0.7082 0.0050 -0.7060
vn -0.8098 0.0050 -0.5866
vn -0.8915 0.0050 -0.4529
vn -0.9513 0.0050 -0.3082
vn -0.9877 0.0050 -0.1560
vn -1.0000 0.0049 -0.0000
vn -0.9877 0.0050 0.1560
vn -0.9513 0.0050 0.3082
vn -0.8915 0.0050 0.4529
vn -0.8098 0.0050 0.5866
vn -0.7082 0.0050 0.7060
vn -0.5889 0.0050 0.8082
vn -0.4551 0.0050 0.8904
vn -0.3098 0.0050 0.9508
vn -0.1569 0.0050 0.9876
vn -0.0000 0.0050 1.0000
vn 0.1569 0.0050 0.9876
vn 0.3099 0.0050 0.9508
vn 0.4551 0.0050 0.8904
vn 0.5889 0.0050 0.8082
vn 0.7082 0.0050 0.7060
vn 0.8098 0.0050 0.5866
vn 0.8915 0.0049 0.4529
vn 0.9513 0.0049 0.3082
vn 0.9878 0.0049 0.1560
vn 1.0000 0.0049 -0.0000
vn 0.0556 -0.9983 -0.0154
vn 0.0573 -0.9983 -0.0066
vn 0.0579 -0.9981 -0.0196
vn 0.0717 -0.9972 -0.0226
vn 0.0602 -0.9981 -0.0103
vn 0.0530 -0.9983 -0.0243
vn 0.0541 -0.9981 -0.0284
vn 0.0673 -0.9972 -0.0335
vn 0.0425 -0.9983 -0.0389
vn 0.0427 -0.9981 -0.0436
vn 0.0536 -0.9972 -0.0526
vn 0.0359 -0.9983 -0.0450
vn 0.0353 -0.9981 -0.0498
vn 0.0447 -0.9972 -0.0603
vn 0.0283 -0.9983 -0.0501
vn 0.0271 -0.9981 -0.0547
vn 0.0347 -0.9972 -0.0665
vn 0.0203 -0.9983 -0.0545
vn 0.0181 -0.9981 -0.0582
vn 0.0239 -0.9972 -0.0708
vn 0.0024 -0.9983 -0.0580
vn -0.0008 -0.9981 -0.0610
vn 0.0007 -0.9972 -0.0750
vn -0.0239 -0.9983 -0.0523
vn -0.0284 -0.9981 -0.0539
vn -0.0335 -0.9972 -0.0671
vn -0.0319 -0.9983 -0.0479
vn -0.0366 -0.9981 -0.0489
vn -0.0437 -0.9972 -0.0610
vn -0.0396 -0.9983 -0.0427
vn -0.0438 -0.9981 -0.0425
vn -0.0527 -0.9972 -0.0535
vn -0.0502 -0.9983 -0.0283
vn -0.0548 -0.9981 -0.0270
vn -0.0667 -0.9972 -0.0346
vn -0.0546 -0.9983 -0.0202
vn -0.0584 -0.9981 -0.0181
vn -0.0713 -0.9972 -0.0238
vn -0.0579 -0.9983 0.0068
vn -0.0603 -0.9981 0.0103
vn -0.0741 -0.9972 0.0109
vn -0.0362 -0.9983 0.0456
vn -0.0353 -0.9981 0.0498
vn -0.0447 -0.9972 0.0603
vn -0.0202 -0.9983 0.0545
vn -0.0182 -0.9981 0.0582
vn -0.0239 -0.9972 0.0708
vn -0.0025 -0.9983 0.0574
vn 0.0008 -0.9981 0.0609
vn -0.0007 -0.9972 0.0750
vn 0.0066 -0.9983 0.0577
vn 0.0103 -0.9981 0.0601
vn 0.0111 -0.9972 0.0741
vn 0.0319 -0.9983 0.0479
vn 0.0366 -0.9981 0.0489
vn 0.0437 -0.9972 0.0610
vn 0.0390 -0.9983 0.0424
vn 0.0438 -0.9981 0.0426
vn 0.0527 -0.9972 0.0535
vn 0.0452 -0.9983 0.0358
vn 0.0500 -0.9981 0.0352
vn 0.0601 -0.9972 0.0446
vn 0.0508 -0.9983 0.0285
vn 0.0548 -0.9981 0.0270
vn 0.0667 -0.9972 0.0346
vn 0.0566 -0.9983 0.0114
vn 0.0605 -0.9981 0.0088
vn 0.0742 -0.9972 0.0124
vn 0.0577 -0.9983 0.0024
vn 0.0611 -0.9981 -0.0008
vn 0.0752 -0.9972 0.0006
vn 0.0741 -0.9972 -0.0109
vt 0.709771 0.779006
vt 0.709771 0.826386
vt 0.719062 0.826386
vt 0.719062 0.779006
vt 0.728347 0.826386
vt 0.728347 0.779006
vt 0.737626 0.826386
vt 0.737626 0.779006
vt 0.746896 0.826386
vt 0.746896 0.779006
vt 0.756158 0.826386
vt 0.756158 0.779006
vt 0.765411 0.826386
vt 0.765411 0.779006
vt 0.774657 0.826386
vt 0.774657 0.779006
vt 0.783898 0.826386
vt 0.783898 0.779006
vt 0.793137 0.826386
vt 0.793137 0.779006
vt 0.422497 0.779006
vt 0.422497 0.826386
vt 0.431735 0.826386
vt 0.431735 0.779006
vt 0.440976 0.826386
vt 0.440976 0.779006
vt 0.450222 0.826386
vt 0.450222 0.779006
vt 0.459476 0.826386
vt 0.459476 0.779006
vt 0.468737 0.826386
vt 0.468737 0.779006
vt 0.478008 0.826386
vt 0.478008 0.779006
vt 0.487286 0.826386
vt 0.487286 0.779006
vt 0.496572 0.826386
vt 0.496572 0.779006
vt 0.505863 0.826386
vt 0.505863 0.779006
vt 0.515157 0.826386
vt 0.515157 0.779006
vt 0.524451 0.826386
vt 0.524451 0.779006
vt 0.533742 0.826386
vt 0.533742 0.779006
vt 0.543028 0.826386
vt 0.543028 0.779006
vt 0.552306 0.826386
vt 0.552306 0.779006
vt 0.561577 0.826386
vt 0.561577 0.779006
vt 0.570838 0.826386
vt 0.570838 0.779006
vt 0.580091 0.826386
vt 0.580092 0.779006
vt 0.589338 0.826386
vt 0.589338 0.779006
vt 0.598579 0.826386
vt 0.598579 0.779006
vt 0.607817 0.826386
vt 0.607817 0.779006
vt 0.617056 0.826386
vt 0.617056 0.779006
vt 0.626297 0.826386
vt 0.626297 0.779006
vt 0.635543 0.826386
vt 0.635543 0.779006
vt 0.644796 0.826386
vt 0.644796 0.779006
vt 0.654058 0.826386
vt 0.654058 0.779006
vt 0.663328 0.826386
vt 0.663328 0.779006
vt 0.672607 0.826386
vt 0.672607 0.779006
vt 0.681892 0.826386
vt 0.681892 0.779006
vt 0.691183 0.826386
vt 0.691183 0.779006
vt 0.700477 0.826386
vt 0.700477 0.779006
vt 0.709770 0.586778
vt 0.709771 0.685809
vt 0.719062 0.685809
vt 0.719061 0.586778
vt 0.728347 0.685809
vt 0.728347 0.586778
vt 0.737626 0.685809
vt 0.737625 0.586778
vt 0.746896 0.685809
vt 0.746895 0.586778
vt 0.756158 0.685809
vt 0.756157 0.586778
vt 0.765411 0.685809
vt 0.765411 0.586778
vt 0.774657 0.685809
vt 0.774656 0.586778
vt 0.783898 0.685809
vt 0.783898 0.586778
vt 0.793137 0.685809
vt 0.793137 0.586778
vt 0.422497 0.586778
vt 0.422497 0.685809
vt 0.431735 0.685809
vt 0.431734 0.586778
vt 0.440976 0.685809
vt 0.440975 0.586778
vt 0.450222 0.685809
vt 0.450222 0.586778
vt 0.459475 0.685809
vt 0.459475 0.586778
vt 0.468737 0.685809
vt 0.468737 0.586778
vt 0.478008 0.685809
vt 0.478006 0.586778
vt 0.487286 0.685809
vt 0.487286 0.586778
vt 0.496572 0.685809
vt 0.496572 0.586778
vt 0.505863 0.685809
vt 0.505863 0.586778
vt 0.515157 0.685809
vt 0.515157 0.586778
vt 0.524451 0.685809
vt 0.524450 0.586778
vt 0.533742 0.685809
vt 0.533742 0.586778
vt 0.543028 0.685809
vt 0.543028 0.586778
vt 0.552306 0.685809
vt 0.552308 0.586778
vt 0.561577 0.685809
vt 0.561577 0.586778
vt 0.570838 0.685809
vt 0.570839 0.586778
vt 0.580092 0.685809
vt 0.580092 0.586778
vt 0.589338 0.685809
vt 0.589339 0.586778
vt 0.598579 0.685809
vt 0.598580 0.586778
vt 0.607817 0.685809
vt 0.607817 0.586778
vt 0.617056 0.685809
vt 0.617056 0.586778
vt 0.626297 0.685809
vt 0.626298 0.586778
vt 0.635543 0.685809
vt 0.635543 0.586778
vt 0.644796 0.685809
vt 0.644797 0.586778
vt 0.654058 0.685809
vt 0.654059 0.586778
vt 0.663328 0.685809
vt 0.663329 0.586778
vt 0.672607 0.685809
vt 0.672607 0.586778
vt 0.681892 0.685809
vt 0.681893 0.586778
vt 0.691183 0.685809
vt 0.691184 0.586778
vt 0.700477 0.685809
vt 0.700477 0.586778
vt 0.975984 0.937738
vt 0.973822 0.936593
vt 0.967629 0.950899
vt 0.971508 0.935801
vt 0.969098 0.935380
vt 0.966652 0.935341
vt 0.964231 0.935686
vt 0.961892 0.936405
vt 0.959696 0.937480
vt 0.957694 0.938887
vt 0.955937 0.940589
vt 0.954469 0.942545
vt 0.953324 0.944706
vt 0.952531 0.947021
vt 0.952110 0.949430
vt 0.952071 0.951876
vt 0.952416 0.954297
vt 0.953135 0.956636
vt 0.954211 0.958832
vt 0.955617 0.960834
vt 0.957319 0.962591
vt 0.959275 0.964060
vt 0.961437 0.965204
vt 0.963751 0.965997
vt 0.966160 0.966418
vt 0.968606 0.966457
vt 0.971028 0.966112
vt 0.973366 0.965393
vt 0.975563 0.964317
vt 0.977564 0.962911
vt 0.979321 0.961209
vt 0.980790 0.959253
vt 0.981935 0.957091
vt 0.982727 0.954777
vt 0.983148 0.952368
vt 0.983187 0.949922
vt 0.982843 0.947500
vt 0.982123 0.945162
vt 0.981048 0.942966
vt 0.979641 0.940964
vt 0.977939 0.939207
vt 0.703181 0.170179
vt 0.707790 0.170179
vt 0.707790 0.145922
vt 0.703181 0.145922
vt 0.712470 0.170179
vt 0.717078 0.170179
vt 0.717078 0.145922
vt 0.712470 0.145922
vt 0.721755 0.170179
vt 0.726358 0.170179
vt 0.726358 0.145922
vt 0.721755 0.145922
vt 0.731031 0.170179
vt 0.735631 0.170179
vt 0.735631 0.145922
vt 0.731031 0.145922
vt 0.740300 0.170179
vt 0.744895 0.170179
vt 0.744895 0.145922
vt 0.740300 0.145922
vt 0.749559 0.170179
vt 0.754150 0.170179
vt 0.754150 0.145922
vt 0.749559 0.145922
vt 0.758810 0.170179
vt 0.763398 0.170179
vt 0.763398 0.145922
vt 0.758810 0.145922
vt 0.768055 0.170179
vt 0.772640 0.170179
vt 0.772640 0.145922
vt 0.768055 0.145922
vt 0.777295 0.170179
vt 0.781879 0.170179
vt 0.781879 0.145922
vt 0.777295 0.145922
vt 0.415893 0.170179
vt 0.420476 0.170179
vt 0.420476 0.145922
vt 0.415893 0.145922
vt 0.425132 0.170179
vt 0.429717 0.170179
vt 0.429717 0.145922
vt 0.425132 0.145922
vt 0.434374 0.170179
vt 0.438961 0.170179
vt 0.438961 0.145922
vt 0.434374 0.145922
vt 0.443622 0.170179
vt 0.448213 0.170179
vt 0.448213 0.145922
vt 0.443622 0.145922
vt 0.452877 0.170179
vt 0.457472 0.170179
vt 0.457472 0.145922
vt 0.452877 0.145922
vt 0.462141 0.170179
vt 0.466740 0.170179
vt 0.466740 0.145922
vt 0.462141 0.145922
vt 0.471413 0.170179
vt 0.476017 0.170179
vt 0.476017 0.145922
vt 0.471413 0.145922
vt 0.480694 0.170179
vt 0.485301 0.170179
vt 0.485301 0.145922
vt 0.480694 0.145922
vt 0.489981 0.170179
vt 0.494591 0.170179
vt 0.494591 0.145922
vt 0.489981 0.145922
vt 0.499273 0.170179
vt 0.503884 0.170179
vt 0.503884 0.145922
vt 0.499273 0.145922
vt 0.508567 0.170179
vt 0.513179 0.170179
vt 0.513179 0.145922
vt 0.508567 0.145922
vt 0.517861 0.170179
vt 0.522471 0.170179
vt 0.522471 0.145922
vt 0.517861 0.145922
vt 0.527151 0.170179
vt 0.531758 0.170179
vt 0.531758 0.145922
vt 0.527151 0.145922
vt 0.536435 0.170179
vt 0.541039 0.170179
vt 0.541039 0.145922
vt 0.536435 0.145922
vt 0.545712 0.170179
vt 0.550311 0.170179
vt 0.550311 0.145922
vt 0.545712 0.145922
vt 0.554980 0.170179
vt 0.559575 0.170179
vt 0.559575 0.145922
vt 0.554980 0.145922
vt 0.564239 0.170179
vt 0.568830 0.170179
vt 0.568830 0.145922
vt 0.564239 0.145922
vt 0.573491 0.170179
vt 0.578078 0.170179
vt 0.578078 0.145922
vt 0.573491 0.145922
vt 0.582735 0.170179
vt 0.587320 0.170179
vt 0.587320 0.145922
vt 0.582735 0.145922
vt 0.591975 0.170179
vt 0.596559 0.170179
vt 0.596559 0.145922
vt 0.591975 0.145922
vt 0.601213 0.170179
vt 0.605797 0.170179
vt 0.605797 0.145922
vt 0.601213 0.145922
vt 0.610452 0.170179
vt 0.615037 0.170179
vt 0.615037 0.145922
vt 0.610452 0.145922
vt 0.619694 0.170179
vt 0.624282 0.170179
vt 0.624282 0.145922
vt 0.619694 0.145922
vt 0.628942 0.170179
vt 0.633533 0.170179
vt 0.633533 0.145922
vt 0.628942 0.145922
vt 0.638197 0.170179
vt 0.642792 0.170179
vt 0.642792 0.145922
vt 0.638197 0.145922
vt 0.647461 0.170179
vt 0.652061 0.170179
vt 0.652061 0.145922
vt 0.647461 0.145922
vt 0.656734 0.170179
vt 0.661337 0.170179
vt 0.661337 0.145922
vt 0.656734 0.145922
vt 0.666014 0.170179
vt 0.670622 0.170179
vt 0.670622 0.145922
vt 0.666014 0.145922
vt 0.675302 0.170179
vt 0.679911 0.170179
vt 0.679911 0.145922
vt 0.675302 0.145922
vt 0.684593 0.170179
vt 0.689205 0.170179
vt 0.689205 0.145922
vt 0.684593 0.145922
vt 0.693887 0.170179
vt 0.698498 0.170179
vt 0.698498 0.145922
vt 0.693887 0.145922
vt 0.316422 0.144636
vt 0.316422 0.057387
vt 0.307131 0.057387
vt 0.307131 0.144636
vt 0.325708 0.144636
vt 0.325708 0.057387
vt 0.334987 0.144636
vt 0.334987 0.057387
vt 0.344257 0.144636
vt 0.344257 0.057387
vt 0.353519 0.144636
vt 0.353519 0.057387
vt 0.362772 0.144636
vt 0.362772 0.057387
vt 0.372018 0.144636
vt 0.372018 0.057387
vt 0.381259 0.144636
vt 0.381259 0.057387
vt 0.390498 0.144636
vt 0.390498 0.057387
vt 0.029096 0.144636
vt 0.029096 0.057387
vt 0.019857 0.057387
vt 0.019857 0.144636
vt 0.038337 0.144636
vt 0.038337 0.057387
vt 0.047583 0.144636
vt 0.047583 0.057387
vt 0.056836 0.144636
vt 0.056836 0.057387
vt 0.066098 0.144636
vt 0.066098 0.057387
vt 0.075368 0.144636
vt 0.075368 0.057387
vt 0.084647 0.144636
vt 0.084647 0.057387
vt 0.093933 0.144636
vt 0.093933 0.057387
vt 0.103224 0.144636
vt 0.103224 0.057387
vt 0.112518 0.144636
vt 0.112518 0.057387
vt 0.121811 0.144636
vt 0.121811 0.057387
vt 0.131102 0.144636
vt 0.131102 0.057387
vt 0.140388 0.144636
vt 0.140388 0.057387
vt 0.149667 0.144636
vt 0.149667 0.057387
vt 0.158937 0.144636
vt 0.158937 0.057387
vt 0.168199 0.144636
vt 0.168199 0.057387
vt 0.177452 0.144636
vt 0.177452 0.057387
vt 0.186698 0.144636
vt 0.186698 0.057387
vt 0.195940 0.144636
vt 0.195940 0.057387
vt 0.205178 0.144636
vt 0.205178 0.057387
vt 0.214416 0.144636
vt 0.214416 0.057387
vt 0.223657 0.144636
vt 0.223657 0.057387
vt 0.232903 0.144636
vt 0.232903 0.057387
vt 0.242156 0.144636
vt 0.242156 0.057387
vt 0.251418 0.144636
vt 0.251418 0.057387
vt 0.260689 0.144636
vt 0.260689 0.057387
vt 0.269967 0.144636
vt 0.269967 0.057387
vt 0.279253 0.144636
vt 0.279253 0.057387
vt 0.288544 0.144636
vt 0.288544 0.057387
vt 0.297838 0.144636
vt 0.297838 0.057387
vt 0.307131 0.246633
vt 0.316422 0.246633
vt 0.325708 0.246633
vt 0.334987 0.246633
vt 0.344257 0.246633
vt 0.353519 0.246633
vt 0.362772 0.246633
vt 0.372018 0.246633
vt 0.381259 0.246633
vt 0.390498 0.246633
vt 0.019857 0.246633
vt 0.029095 0.246633
vt 0.038337 0.246633
vt 0.047583 0.246633
vt 0.056836 0.246633
vt 0.066098 0.246633
vt 0.075368 0.246633
vt 0.084647 0.246633
vt 0.093933 0.246633
vt 0.103224 0.246633
vt 0.112518 0.246633
vt 0.121811 0.246633
vt 0.131103 0.246633
vt 0.140388 0.246633
vt 0.149667 0.246633
vt 0.158938 0.246633
vt 0.168199 0.246633
vt 0.177452 0.246633
vt 0.186698 0.246633
vt 0.195940 0.246633
vt 0.205178 0.246633
vt 0.214417 0.246633
vt 0.223657 0.246633
vt 0.232903 0.246633
vt 0.242156 0.246633
vt 0.251419 0.246633
vt 0.260689 0.246633
vt 0.269967 0.246633
vt 0.279253 0.246633
vt 0.288544 0.246633
vt 0.297838 0.246633
vt 0.859674 0.980143
vt 0.869127 0.982018
vt 0.876310 0.921026
vt 0.850631 0.976813
vt 0.842220 0.972109
vt 0.834649 0.966147
vt 0.828103 0.959074
vt 0.822745 0.951064
vt 0.818705 0.942315
vt 0.816084 0.933042
vt 0.814946 0.923472
vt 0.815319 0.913843
vt 0.817194 0.904390
vt 0.820524 0.895347
vt 0.825228 0.886936
vt 0.831190 0.879365
vt 0.838262 0.872820
vt 0.846272 0.867461
vt 0.855021 0.863422
vt 0.864295 0.860800
vt 0.873864 0.859662
vt 0.883494 0.860035
vt 0.892947 0.861910
vt 0.901990 0.865240
vt 0.910400 0.869944
vt 0.917972 0.875906
vt 0.924517 0.882978
vt 0.929876 0.890988
vt 0.933915 0.899737
vt 0.936536 0.909011
vt 0.937675 0.918580
vt 0.937302 0.928210
vt 0.935427 0.937662
vt 0.932097 0.946705
vt 0.927393 0.955116
vt 0.921431 0.962688
vt 0.914358 0.969233
vt 0.906349 0.974592
vt 0.897599 0.978631
vt 0.888326 0.981252
vt 0.878757 0.982390
vt 0.828036 0.790035
vt 0.822462 0.778646
vt 0.822165 0.789581
vt 0.819201 0.783570
vt 0.818738 0.766526
vt 0.816734 0.777279
vt 0.814747 0.770878
vt 0.816956 0.753971
vt 0.813294 0.764279
vt 0.812333 0.757646
vt 0.817160 0.741293
vt 0.811931 0.750900
vt 0.812019 0.744199
vt 0.819345 0.728803
vt 0.812677 0.737474
vt 0.813812 0.730869
vt 0.823457 0.716808
vt 0.815515 0.724329
vt 0.817670 0.717983
vt 0.829395 0.705604
vt 0.820374 0.711790
vt 0.823495 0.705859
vt 0.837012 0.695467
vt 0.827135 0.700166
vt 0.831145 0.694796
vt 0.846121 0.686646
vt 0.835630 0.689742
vt 0.840431 0.685066
vt 0.856499 0.679359
vt 0.845652 0.680776
vt 0.851126 0.676908
vt 0.867888 0.673786
vt 0.856954 0.673488
vt 0.862964 0.670524
vt 0.880009 0.670062
vt 0.869256 0.668058
vt 0.875656 0.666070
vt 0.892563 0.668281
vt 0.882256 0.664619
vt 0.888889 0.663657
vt 0.905241 0.668485
vt 0.895635 0.663256
vt 0.902336 0.663344
vt 0.917732 0.670671
vt 0.909061 0.664003
vt 0.915666 0.665138
vt 0.929726 0.674783
vt 0.922206 0.666841
vt 0.928551 0.668996
vt 0.940929 0.680722
vt 0.934744 0.671701
vt 0.940674 0.674821
vt 0.951065 0.688339
vt 0.946368 0.678462
vt 0.951737 0.682472
vt 0.959885 0.697449
vt 0.956791 0.686958
vt 0.961466 0.691759
vt 0.967171 0.707826
vt 0.965756 0.696981
vt 0.969623 0.702454
vt 0.972744 0.719215
vt 0.973043 0.708282
vt 0.976006 0.714292
vt 0.976466 0.731335
vt 0.978472 0.720584
vt 0.980459 0.726984
vt 0.978247 0.743888
vt 0.981910 0.733584
vt 0.982871 0.740215
vt 0.978041 0.756565
vt 0.983271 0.746961
vt 0.983183 0.753661
vt 0.975855 0.769053
vt 0.982523 0.760386
vt 0.981388 0.766989
vt 0.971743 0.781045
vt 0.979684 0.773528
vt 0.977531 0.779873
vt 0.965804 0.792247
vt 0.974824 0.786063
vt 0.971704 0.791992
vt 0.958190 0.802383
vt 0.968065 0.797684
vt 0.964057 0.803052
vt 0.949083 0.811204
vt 0.959573 0.808107
vt 0.954773 0.812783
vt 0.938708 0.818491
vt 0.949554 0.817074
vt 0.944082 0.820941
vt 0.927320 0.824065
vt 0.938255 0.824362
vt 0.932245 0.827326
vt 0.915201 0.827790
vt 0.925954 0.829794
vt 0.919555 0.831780
vt 0.902648 0.829572
vt 0.912956 0.833234
vt 0.906324 0.834195
vt 0.889971 0.829369
vt 0.899578 0.834598
vt 0.892878 0.834510
vt 0.877480 0.827185
vt 0.886152 0.833852
vt 0.879548 0.832718
vt 0.865486 0.823074
vt 0.873008 0.831016
vt 0.866662 0.828861
vt 0.854282 0.817137
vt 0.860469 0.826158
vt 0.854538 0.823038
vt 0.844145 0.809521
vt 0.848844 0.819398
vt 0.843474 0.815388
vt 0.835324 0.800412
vt 0.838420 0.810903
vt 0.833744 0.806102
vt 0.829454 0.800881
vt 0.825586 0.795408
vt 0.786533 0.170179
vt 0.786533 0.145922
vt 0.554979 0.170179
vt 0.554979 0.145922
vt 0.573490 0.170179
vt 0.573490 0.145922
vt 0.815636 0.585528
vt 0.818617 0.581290
vt 0.813848 0.579134
vt 0.856795 0.634936
vt 0.855906 0.629832
vt 0.851009 0.631680
vt 0.881694 0.643367
vt 0.879272 0.638787
vt 0.875185 0.642057
vt 0.894825 0.644562
vt 0.891715 0.640418
vt 0.888191 0.644287
vt 0.944404 0.629124
vt 0.939452 0.627598
vt 0.938875 0.632800
vt 0.970245 0.599609
vt 0.965140 0.600498
vt 0.966988 0.605395
vt 0.975440 0.587492
vt 0.970537 0.589168
vt 0.973128 0.593716
vt 0.979870 0.561581
vt 0.975726 0.564690
vt 0.979595 0.568214
vt 0.978998 0.548425
vt 0.975390 0.552145
vt 0.979764 0.555020
vt 0.976078 0.535569
vt 0.973097 0.539806
vt 0.977866 0.541963
vt 0.971183 0.523327
vt 0.968901 0.527979
vt 0.973949 0.529362
vt 0.955994 0.501871
vt 0.955262 0.507001
vt 0.960490 0.506757
vt 0.934918 0.486160
vt 0.935807 0.491264
vt 0.940704 0.489417
vt 0.896889 0.476534
vt 0.899999 0.480679
vt 0.903523 0.476809
vt 0.883734 0.477407
vt 0.887453 0.481014
vt 0.890329 0.476641
vt 0.828496 0.510331
vt 0.833676 0.510252
vt 0.832617 0.505126
vt 0.809561 0.545360
vt 0.813040 0.546386
vt 0.814349 0.539877
vt 0.810642 0.539517
vt 0.815713 0.784558
vt 0.813428 0.779023
vt 0.808247 0.559046
vt 0.811843 0.559516
vt 0.812119 0.552882
vt 0.808401 0.553106
vt 0.811148 0.771308
vt 0.809756 0.765484
vt 0.809091 0.572770
vt 0.812716 0.572671
vt 0.811951 0.566076
vt 0.808313 0.566879
vt 0.808711 0.757508
vt 0.808247 0.751538
vt 0.812071 0.586192
vt 0.810381 0.580495
vt 0.808463 0.743496
vt 0.808940 0.737527
vt 0.817114 0.598984
vt 0.820531 0.597770
vt 0.817765 0.591734
vt 0.814554 0.593621
vt 0.810410 0.729617
vt 0.811815 0.723796
vt 0.824096 0.610829
vt 0.827281 0.609095
vt 0.823605 0.603566
vt 0.820728 0.605933
vt 0.814505 0.716215
vt 0.816803 0.710685
vt 0.832845 0.621436
vt 0.835720 0.619225
vt 0.831224 0.614339
vt 0.828753 0.617126
vt 0.820646 0.703618
vt 0.823780 0.698516
vt 0.843145 0.630543
vt 0.845639 0.627910
vt 0.840434 0.623788
vt 0.838430 0.626927
vt 0.828681 0.692136
vt 0.832575 0.687588
vt 0.854744 0.637927
vt 0.849520 0.635094
vt 0.838414 0.682054
vt 0.842972 0.678170
vt 0.867355 0.643406
vt 0.868913 0.640132
vt 0.862689 0.637820
vt 0.861753 0.641425
vt 0.849605 0.673617
vt 0.854714 0.670495
vt 0.880668 0.646845
vt 0.874825 0.645765
vt 0.861977 0.667036
vt 0.867512 0.664751
vt 0.894356 0.648158
vt 0.888416 0.648006
vt 0.875227 0.662471
vt 0.881051 0.661080
vt 0.908080 0.647314
vt 0.907980 0.643690
vt 0.901385 0.644456
vt 0.902189 0.648093
vt 0.889028 0.660035
vt 0.894998 0.659573
vt 0.921502 0.644334
vt 0.920837 0.640769
vt 0.914443 0.642558
vt 0.915806 0.646025
vt 0.903040 0.659788
vt 0.909009 0.660265
vt 0.934294 0.639290
vt 0.933079 0.635874
vt 0.927043 0.638640
vt 0.928932 0.641851
vt 0.916918 0.661736
vt 0.922739 0.663141
vt 0.946138 0.632308
vt 0.941243 0.635676
vt 0.930320 0.665831
vt 0.935849 0.668130
vt 0.956744 0.623559
vt 0.954534 0.620685
vt 0.949648 0.625182
vt 0.952437 0.627652
vt 0.942917 0.671972
vt 0.948018 0.675108
vt 0.965852 0.613258
vt 0.963218 0.610765
vt 0.959097 0.615971
vt 0.962237 0.617974
vt 0.954398 0.680009
vt 0.958945 0.683905
vt 0.973235 0.601660
vt 0.970403 0.606883
vt 0.964480 0.689743
vt 0.968362 0.694302
vt 0.978714 0.589049
vt 0.976734 0.594651
vt 0.972915 0.700934
vt 0.976036 0.706044
vt 0.982153 0.575737
vt 0.978674 0.574711
vt 0.977365 0.581219
vt 0.981072 0.581580
vt 0.979495 0.713306
vt 0.981778 0.718842
vt 0.983466 0.562050
vt 0.983313 0.567990
vt 0.984059 0.726556
vt 0.985448 0.732381
vt 0.982623 0.548327
vt 0.983401 0.554218
vt 0.986494 0.740356
vt 0.986954 0.746327
vt 0.979643 0.534904
vt 0.981333 0.540601
vt 0.986740 0.754366
vt 0.986260 0.760335
vt 0.974600 0.522113
vt 0.977160 0.527475
vt 0.984791 0.768243
vt 0.983383 0.774063
vt 0.967618 0.510268
vt 0.964433 0.512002
vt 0.968109 0.517530
vt 0.970986 0.515164
vt 0.980695 0.781644
vt 0.978392 0.787173
vt 0.958869 0.499661
vt 0.962961 0.503970
vt 0.974553 0.794233
vt 0.971419 0.799335
vt 0.948569 0.490553
vt 0.946075 0.493187
vt 0.951280 0.497308
vt 0.953284 0.494169
vt 0.966522 0.805709
vt 0.962630 0.810259
vt 0.936970 0.483169
vt 0.942193 0.486003
vt 0.956792 0.815793
vt 0.952235 0.819678
vt 0.924359 0.477690
vt 0.922801 0.480965
vt 0.929025 0.483277
vt 0.929961 0.479671
vt 0.945604 0.824230
vt 0.940497 0.827354
vt 0.911045 0.474252
vt 0.910019 0.477730
vt 0.916528 0.479040
vt 0.916888 0.475332
vt 0.933234 0.830813
vt 0.927700 0.833099
vt 0.897358 0.472939
vt 0.903298 0.473091
vt 0.919986 0.835379
vt 0.914163 0.836772
vt 0.883634 0.473783
vt 0.889525 0.473003
vt 0.906186 0.837817
vt 0.900217 0.838281
vt 0.870212 0.476763
vt 0.870877 0.480328
vt 0.877271 0.478539
vt 0.875908 0.475072
vt 0.892175 0.838066
vt 0.886207 0.837590
vt 0.857421 0.481807
vt 0.858635 0.485223
vt 0.864671 0.482456
vt 0.862782 0.479245
vt 0.878298 0.836120
vt 0.872477 0.834716
vt 0.845576 0.488789
vt 0.847310 0.491974
vt 0.852838 0.488297
vt 0.850471 0.485421
vt 0.864895 0.832026
vt 0.859365 0.829730
vt 0.834970 0.497538
vt 0.837180 0.500412
vt 0.842066 0.495916
vt 0.839277 0.493445
vt 0.852297 0.825887
vt 0.847195 0.822753
vt 0.825862 0.507838
vt 0.829477 0.503122
vt 0.840816 0.817852
vt 0.836267 0.813959
vt 0.818478 0.519437
vt 0.821469 0.521488
vt 0.824726 0.515702
vt 0.821311 0.514214
vt 0.830732 0.808120
vt 0.826848 0.803562
vt 0.813000 0.532048
vt 0.816275 0.533605
vt 0.818586 0.527381
vt 0.814981 0.526446
vt 0.822296 0.796930
vt 0.819172 0.791821
vt 0.709771 0.978271
vt 0.719062 0.978271
vt 0.728348 0.978271
vt 0.737626 0.978271
vt 0.746897 0.978271
vt 0.756158 0.978271
vt 0.765411 0.978271
vt 0.774658 0.978271
vt 0.783898 0.978271
vt 0.793137 0.978271
vt 0.422497 0.978271
vt 0.431735 0.978271
vt 0.440976 0.978271
vt 0.450223 0.978271
vt 0.459476 0.978271
vt 0.468737 0.978271
vt 0.478008 0.978271
vt 0.487286 0.978271
vt 0.496572 0.978271
vt 0.505863 0.978271
vt 0.515157 0.978271
vt 0.524451 0.978271
vt 0.533742 0.978271
vt 0.543028 0.978271
vt 0.552306 0.978271
vt 0.561576 0.978271
vt 0.570838 0.978271
vt 0.580091 0.978271
vt 0.589338 0.978271
vt 0.598579 0.978271
vt 0.607817 0.978271
vt 0.617056 0.978271
vt 0.626296 0.978271
vt 0.635543 0.978271
vt 0.644796 0.978271
vt 0.654057 0.978271
vt 0.663328 0.978271
vt 0.672607 0.978271
vt 0.681892 0.978271
vt 0.691183 0.978271
vt 0.700477 0.978271
vt 0.815988 0.556407
vt 0.817619 0.543963
vt 0.816324 0.568952
vt 0.822813 0.593118
vt 0.828807 0.604144
vt 0.836452 0.614096
vt 0.845560 0.622730
vt 0.867237 0.635229
vt 0.904261 0.640082
vt 0.916599 0.637789
vt 0.928427 0.633593
vt 0.949404 0.619953
vt 0.958038 0.610845
vt 0.974094 0.577133
vt 0.962907 0.516953
vt 0.946154 0.498367
vt 0.924477 0.485868
vt 0.912442 0.482310
vt 0.875115 0.483308
vt 0.863287 0.487504
vt 0.852262 0.493498
vt 0.842310 0.501144
vt 0.826573 0.520598
vt 0.821177 0.531929
s 1
usemtl Bullet
f 4/1/1 1/2/2 2/3/3
f 2/3/3 3/4/4 4/1/1
f 3/4/4 2/3/3 5/5/5
f 5/5/5 6/6/6 3/4/4
f 6/6/6 5/5/5 7/7/7
f 7/7/7 8/8/8 6/6/6
f 8/8/8 7/7/7 9/9/9
f 9/9/9 10/10/10 8/8/8
f 10/10/10 9/9/9 11/11/11
f 11/11/11 12/12/12 10/10/10
f 12/12/12 11/11/11 13/13/13
f 13/13/13 14/14/14 12/12/12
f 14/14/14 13/13/13 15/15/15
f 15/15/15 16/16/16 14/14/14
f 16/16/16 15/15/15 17/17/17
f 17/17/17 18/18/18 16/16/16
f 18/18/18 17/17/17 19/19/19
f 19/19/19 20/20/20 18/18/18
f 24/21/20 21/22/19 22/23/21
f 22/23/21 23/24/22 24/21/20
f 23/24/22 22/23/21 25/25/23
f 25/25/23 26/26/24 23/24/22
f 26/26/24 25/25/23 27/27/25
f 27/27/25 28/28/26 26/26/24
f 28/28/26 27/27/25 29/29/27
f 29/29/27 30/30/28 28/28/26
f 30/30/28 29/29/27 31/31/29
f 31/31/29 32/32/30 30/30/28
f 32/32/30 31/31/29 33/33/31
f 33/33/31 34/34/32 32/32/30
f 34/34/32 33/33/31 35/35/33
f 35/35/33 36/36/34 34/34/32
f 36/36/34 35/35/33 37/37/35
f 37/37/35 38/38/36 36/36/34
f 38/38/36 37/37/35 39/39/37
f 39/39/37 40/40/38 38/38/36
f 40/40/38 39/39/37 41/41/39
f 41/41/39 42/42/40 40/40/38
f 42/42/40 41/41/39 43/43/41
f 43/43/41 44/44/42 42/42/40
f 44/44/42 43/43/41 45/45/43
f 45/45/43 46/46/44 44/44/42
f 46/46/44 45/45/43 47/47/45
f 47/47/45 48/48/46 46/46/44
f 48/48/46 47/47/45 49/49/47
f 49/49/47 50/50/48 48/48/46
f 50/50/48 49/49/47 51/51/49
f 51/51/49 52/52/50 50/50/48
f 52/52/50 51/51/49 53/53/51
f 53/53/51 54/54/52 52/52/50
f 54/54/52 53/53/51 55/55/53
f 55/55/53 56/56/54 54/54/52
f 56/56/54 55/55/53 57/57/55
f 57/57/55 58/58/56 56/56/54
f 58/58/56 57/57/55 59/59/57
f 59/59/57 60/60/58 58/58/56
f 60/60/58 59/59/57 61/61/59
f 61/61/59 62/62/60 60/60/58
f 62/62/60 61/61/59 63/63/61
f 63/63/61 64/64/62 62/62/60
f 64/64/62 63/63/61 65/65/63
f 65/65/63 66/66/64 64/64/62
f 66/66/64 65/65/63 67/67/65
f 67/67/65 68/68/66 66/66/64
f 68/68/66 67/67/65 69/69/67
f 69/69/67 70/70/68 68/68/66
f 70/70/68 69/69/67 71/71/69
f 71/71/69 72/72/70 70/70/68
f 72/72/70 71/71/69 73/73/71
f 73/73/71 74/74/72 72/72/70
f 74/74/72 73/73/71 75/75/73
f 75/75/73 76/76/74 74/74/72
f 76/76/74 75/75/73 77/77/75
f 77/77/75 78/78/76 76/76/74
f 78/78/76 77/77/75 79/79/77
f 79/79/77 80/80/78 78/78/76
f 80/80/78 79/79/77 81/81/79
f 81/81/79 82/82/80 80/80/78
f 82/82/80 81/81/79 1/2/2
f 1/2/2 4/1/1 82/82/80
f 86/83/81 83/84/82 84/85/83
f 84/85/83 85/86/84 86/83/81
f 85/86/84 84/85/83 87/87/85
f 87/87/85 88/88/86 85/86/84
f 88/88/86 87/87/85 89/89/87
f 89/89/87 90/90/88 88/88/86
f 90/90/88 89/89/87 91/91/89
f 91/91/89 92/92/90 90/90/88
f 92/92/90 91/91/89 93/93/91
f 93/93/91 94/94/92 92/92/90
f 94/94/92 93/93/91 95/95/93
f 95/95/93 96/96/94 94/94/92
f 96/96/94 95/95/93 97/97/95
f 97/97/95 98/98/96 96/96/94
f 98/98/96 97/97/95 99/99/97
f 99/99/97 100/100/98 98/98/96
f 100/100/98 99/99/97 101/101/99
f 101/101/99 102/102/100 100/100/98
f 106/103/100 103/104/99 104/105/101
f 104/105/101 105/106/102 106/103/100
f 105/106/102 104/105/101 107/107/103
f 107/107/103 108/108/104 105/106/102
f 108/108/104 107/107/103 109/109/105
f 109/109/105 110/110/106 108/108/104
f 110/110/106 109/109/105 111/111/107
f 111/111/107 112/112/108 110/110/106
f 112/112/108 111/111/107 113/113/109
f 113/113/109 114/114/110 112/112/108
f 114/114/110 113/113/109 115/115/111
f 115/115/111 116/116/112 114/114/110
f 116/116/112 115/115/111 117/117/113
f 117/117/113 118/118/114 116/116/112
f 118/118/114 117/117/113 119/119/115
f 119/119/115 120/120/116 118/118/114
f 120/120/116 119/119/115 121/121/117
f 121/121/117 122/122/118 120/120/116
f 122/122/118 121/121/117 123/123/119
f 123/123/119 124/124/120 122/122/118
f 124/124/120 123/123/119 125/125/121
f 125/125/121 126/126/122 124/124/120
f 126/126/122 125/125/121 127/127/123
f 127/127/123 128/128/124 126/126/122
f 128/128/124 127/127/123 129/129/125
f 129/129/125 130/130/126 128/128/124
f 130/130/126 129/129/125 131/131/127
f 131/131/127 132/132/128 130/130/126
f 132/132/128 131/131/127 133/133/129
f 133/133/129 134/134/130 132/132/128
f 134/134/130 133/133/129 135/135/131
f 135/135/131 136/136/132 134/134/130
f 136/136/132 135/135/131 137/137/133
f 137/137/133 138/138/134 136/136/132
f 138/138/134 137/137/133 139/139/135
f 139/139/135 140/140/136 138/138/134
f 140/140/136 139/139/135 141/141/137
f 141/141/137 142/142/138 140/140/136
f 142/142/138 141/141/137 143/143/139
f 143/143/139 144/144/140 142/142/138
f 144/144/140 143/143/139 145/145/141
f 145/145/141 146/146/142 144/144/140
f 146/146/142 145/145/141 147/147/143
f 147/147/143 148/148/144 146/146/142
f 148/148/144 147/147/143 149/149/145
f 149/149/145 150/150/146 148/148/144
f 150/150/146 149/149/145 151/151/147
f 151/151/147 152/152/148 150/150/146
f 152/152/148 151/151/147 153/153/149
f 153/153/149 154/154/150 152/152/148
f 154/154/150 153/153/149 155/155/151
f 155/155/151 156/156/152 154/154/150
f 156/156/152 155/155/151 157/157/153
f 157/157/153 158/158/154 156/156/152
f 158/158/154 157/157/153 159/159/155
f 159/159/155 160/160/156 158/158/154
f 160/160/156 159/159/155 161/161/157
f 161/161/157 162/162/158 160/160/156
f 162/162/158 161/161/157 163/163/159
f 163/163/159 164/164/160 162/162/158
f 164/164/160 163/163/159 83/84/82
f 83/84/82 86/83/81 164/164/160
f 83/84/82 4/1/1 3/4/4
f 3/4/4 84/85/83 83/84/82
f 84/85/83 3/4/4 6/6/6
f 6/6/6 87/87/85 84/85/83
f 87/87/85 6/6/6 8/8/8
f 8/8/8 89/89/87 87/87/85
f 89/89/87 8/8/8 10/10/10
f 10/10/10 91/91/89 89/89/87
f 91/91/89 10/10/10 12/12/12
f 12/12/12 93/93/91 91/91/89
f 93/93/91 12/12/12 14/14/14
f 14/14/14 95/95/93 93/93/91
f 95/95/93 14/14/14 16/16/16
f 16/16/16 97/97/95 95/95/93
f 97/97/95 16/16/16 18/18/18
f 18/18/18 99/99/97 97/97/95
f 99/99/97 18/18/18 20/20/20
f 20/20/20 101/101/99 99/99/97
f 103/104/99 24/21/20 23/24/22
f 23/24/22 104/105/101 103/104/99
f 104/105/101 23/24/22 26/26/24
f 26/26/24 107/107/103 104/105/101
f 107/107/103 26/26/24 28/28/26
f 28/28/26 109/109/105 107/107/103
f 109/109/105 28/28/26 30/30/28
f 30/30/28 111/111/107 109/109/105
f 111/111/107 30/30/28 32/32/30
f 32/32/30 113/113/109 111/111/107
f 113/113/109 32/32/30 34/34/32
f 34/34/32 115/115/111 113/113/109
f 115/115/111 34/34/32 36/36/34
f 36/36/34 117/117/113 115/115/111
f 117/117/113 36/36/34 38/38/36
f 38/38/36 119/119/115 117/117/113
f 119/119/115 38/38/36 40/40/38
f 40/40/38 121/121/117 119/119/115
f 121/121/117 40/40/38 42/42/40
f 42/42/40 123/123/119 121/121/117
f 123/123/119 42/42/40 44/44/42
f 44/44/42 125/125/121 123/123/119
f 125/125/121 44/44/42 46/46/44
f 46/46/44 127/127/123 125/125/121
f 127/127/123 46/46/44 48/48/46
f 48/48/46 129/129/125 127/127/123
f 129/129/125 48/48/46 50/50/48
f 50/50/48 131/131/127 129/129/125
f 131/131/127 50/50/48 52/52/50
f 52/52/50 133/133/129 131/131/127
f 133/133/129 52/52/50 54/54/52
f 54/54/52 135/135/131 133/133/129
f 135/135/131 54/54/52 56/56/54
f 56/56/54 137/137/133 135/135/131
f 137/137/133 56/56/54 58/58/56
f 58/58/56 139/139/135 137/137/133
f 139/139/135 58/58/56 60/60/58
f 60/60/58 141/141/137 139/139/135
f 141/141/137 60/60/58 62/62/60
f 62/62/60 143/143/139 141/141/137
f 143/143/139 62/62/60 64/64/62
f 64/64/62 145/145/141 143/143/139
f 145/145/141 64/64/62 66/66/64
f 66/66/64 147/147/143 145/145/141
f 147/147/143 66/66/64 68/68/66
f 68/68/66 149/149/145 147/147/143
f 149/149/145 68/68/66 70/70/68
f 70/70/68 151/151/147 149/149/145
f 151/151/147 70/70/68 72/72/70
f 72/72/70 153/153/149 151/151/147
f 153/153/149 72/72/70 74/74/72
f 74/74/72 155/155/151 153/153/149
f 155/155/151 74/74/72 76/76/74
f 76/76/74 157/157/153 155/155/151
f 157/157/153 76/76/74 78/78/76
f 78/78/76 159/159/155 157/157/153
f 159/159/155 78/78/76 80/80/78
f 80/80/78 161/161/157 159/159/155
f 161/161/157 80/80/78 82/82/80
f 82/82/80 163/163/159 161/161/157
f 163/163/159 82/82/80 4/1/1
f 4/1/1 83/84/82 163/163/159
f 165/165/81 166/166/84 167/167/161
f 166/166/84 168/168/86 167/167/161
f 168/168/86 169/169/88 167/167/161
f 169/169/88 170/170/90 167/167/161
f 170/170/90 171/171/92 167/167/161
f 171/171/92 172/172/94 167/167/161
f 172/172/94 173/173/162 167/167/161
f 173/173/162 174/174/163 167/167/161
f 174/174/163 175/175/164 167/167/161
f 175/175/164 176/176/165 167/167/161
f 176/176/165 177/177/166 167/167/161
f 177/177/166 178/178/106 167/167/161
f 178/178/106 179/179/108 167/167/161
f 179/179/108 180/180/167 167/167/161
f 180/180/167 181/181/168 167/167/161
f 181/181/168 182/182/114 167/167/161
f 182/182/114 183/183/116 167/167/161
f 183/183/116 184/184/169 167/167/161
f 184/184/169 185/185/170 167/167/161
f 185/185/170 186/186/122 167/167/161
f 186/186/122 187/187/171 167/167/161
f 187/187/171 188/188/126 167/167/161
f 188/188/126 189/189/172 167/167/161
f 189/189/172 190/190/173 167/167/161
f 190/190/173 191/191/132 167/167/161
f 191/191/132 192/192/134 167/167/161
f 192/192/134 193/193/136 167/167/161
f 193/193/136 194/194/174 167/167/161
f 194/194/174 195/195/175 167/167/161
f 195/195/175 196/196/176 167/167/161
f 196/196/176 197/197/144 167/167/161
f 197/197/144 198/198/146 167/167/161
f 198/198/146 199/199/148 167/167/161
f 199/199/148 200/200/177 167/167/161
f 200/200/177 201/201/178 167/167/161
f 201/201/178 202/202/179 167/167/161
f 202/202/179 203/203/156 167/167/161
f 203/203/156 204/204/158 167/167/161
f 204/204/158 205/205/180 167/167/161
f 205/205/180 165/165/81 167/167/161
s 0
f 209/206/181 206/207/181 207/208/181
f 207/208/181 208/209/181 209/206/181
f 213/210/182 210/211/182 211/212/182
f 211/212/182 212/213/182 213/210/182
f 217/214/183 214/215/183 215/216/183
f 215/216/183 216/217/183 217/214/183
f 221/218/184 218/219/184 219/220/184
f 219/220/184 220/221/184 221/218/184
f 225/222/185 222/223/185 223/224/185
f 223/224/185 224/225/185 225/222/185
f 229/226/186 226/227/186 227/228/186
f 227/228/186 228/229/186 229/226/186
f 233/230/187 230/231/187 231/232/187
f 231/232/187 232/233/187 233/230/187
f 237/234/188 234/235/188 235/236/188
f 235/236/188 236/237/188 237/234/188
f 241/238/189 238/239/189 239/240/189
f 239/240/189 240/241/189 241/238/189
f 245/242/190 242/243/190 243/244/190
f 243/244/190 244/245/190 245/242/190
f 249/246/191 246/247/191 247/248/191
f 247/248/191 248/249/191 249/246/191
f 253/250/192 250/251/192 251/252/192
f 251/252/192 252/253/192 253/250/192
s 1
f 257/254/193 254/255/193 255/256/193
s 0
f 255/256/193 256/257/193 257/254/193
f 261/258/194 258/259/194 259/260/194
f 259/260/194 260/261/194 261/258/194
f 265/262/195 262/263/195 263/264/195
f 263/264/195 264/265/195 265/262/195
f 269/266/196 266/267/196 267/268/196
f 267/268/196 268/269/196 269/266/196
f 273/270/197 270/271/197 271/272/197
f 271/272/197 272/273/197 273/270/197
f 277/274/198 274/275/198 275/276/198
f 275/276/198 276/277/198 277/274/198
f 281/278/199 278/279/199 279/280/199
f 279/280/199 280/281/199 281/278/199
f 285/282/200 282/283/200 283/284/200
f 283/284/200 284/285/200 285/282/200
f 289/286/201 286/287/201 287/288/201
f 287/288/201 288/289/201 289/286/201
f 293/290/202 290/291/202 291/292/202
f 291/292/202 292/293/202 293/290/202
f 297/294/203 294/295/203 295/296/203
f 295/296/203 296/297/203 297/294/203
f 301/298/204 298/299/204 299/300/204
f 299/300/204 300/301/204 301/298/204
f 305/302/205 302/303/205 303/304/205
s 1
f 303/304/205 304/305/205 305/302/205
s 0
f 309/306/206 306/307/206 307/308/206
f 307/308/206 308/309/206 309/306/206
f 313/310/207 310/311/207 311/312/207
f 311/312/207 312/313/207 313/310/207
f 317/314/208 314/315/208 315/316/208
f 315/316/208 316/317/208 317/314/208
f 321/318/209 318/319/209 319/320/209
f 319/320/209 320/321/209 321/318/209
f 325/322/210 322/323/210 323/324/210
f 323/324/210 324/325/210 325/322/210
s 1
f 329/326/211 326/327/211 327/328/211
s 0
f 327/328/211 328/329/211 329/326/211
f 333/330/212 330/331/212 331/332/212
f 331/332/212 332/333/212 333/330/212
f 337/334/213 334/335/213 335/336/213
f 335/336/213 336/337/213 337/334/213
f 341/338/214 338/339/214 339/340/214
f 339/340/214 340/341/214 341/338/214
f 345/342/215 342/343/215 343/344/215
f 343/344/215 344/345/215 345/342/215
f 349/346/216 346/347/216 347/348/216
f 347/348/216 348/349/216 349/346/216
f 353/350/217 350/351/217 351/352/217
f 351/352/217 352/353/217 353/350/217
f 357/354/218 354/355/218 355/356/218
f 355/356/218 356/357/218 357/354/218
f 361/358/219 358/359/219 359/360/219
f 359/360/219 360/361/219 361/358/219
f 365/362/220 362/363/220 363/364/220
f 363/364/220 364/365/220 365/362/220
s 1
f 369/366/221 366/367/222 367/368/223
f 367/368/223 368/369/224 369/366/221
f 371/370/225 370/371/226 366/367/222
f 366/367/222 369/366/221 371/370/225
f 373/372/227 372/373/228 370/371/226
f 370/371/226 371/370/225 373/372/227
f 375/374/229 374/375/230 372/373/228
f 372/373/228 373/372/227 375/374/229
f 377/376/231 376/377/232 374/375/230
f 374/375/230 375/374/229 377/376/231
f 379/378/233 378/379/234 376/377/232
f 376/377/232 377/376/231 379/378/233
f 381/380/235 380/381/236 378/379/234
f 378/379/234 379/378/233 381/380/235
f 383/382/237 382/383/238 380/381/236
f 380/381/236 381/380/235 383/382/237
f 385/384/239 384/385/240 382/383/238
f 382/383/238 383/382/237 385/384/239
f 389/386/241 386/387/242 387/388/240
f 387/388/240 388/389/239 389/386/241
f 391/390/243 390/391/244 386/387/242
f 386/387/242 389/386/241 391/390/243
f 393/392/245 392/393/246 390/391/244
f 390/391/244 391/390/243 393/392/245
f 395/394/247 394/395/248 392/393/246
f 392/393/246 393/392/245 395/394/247
f 397/396/249 396/397/250 394/395/248
f 394/395/248 395/394/247 397/396/249
f 399/398/251 398/399/252 396/397/250
f 396/397/250 397/396/249 399/398/251
f 401/400/253 400/401/254 398/399/252
f 398/399/252 399/398/251 401/400/253
f 403/402/255 402/403/256 400/401/254
f 400/401/254 401/400/253 403/402/255
f 405/404/257 404/405/258 402/403/256
f 402/403/256 403/402/255 405/404/257
f 407/406/259 406/407/260 404/405/258
f 404/405/258 405/404/257 407/406/259
f 409/408/261 408/409/262 406/407/260
f 406/407/260 407/406/259 409/408/261
f 411/410/263 410/411/264 408/409/262
f 408/409/262 409/408/261 411/410/263
f 413/412/265 412/413/266 410/411/264
f 410/411/264 411/410/263 413/412/265
f 415/414/267 414/415/268 412/413/266
f 412/413/266 413/412/265 415/414/267
f 417/416/269 416/417/270 414/415/268
f 414/415/268 415/414/267 417/416/269
f 419/418/271 418/419/272 416/417/270
f 416/417/270 417/416/269 419/418/271
f 421/420/273 420/421/274 418/419/272
f 418/419/272 419/418/271 421/420/273
f 423/422/275 422/423/276 420/421/274
f 420/421/274 421/420/273 423/422/275
f 425/424/277 424/425/278 422/423/276
f 422/423/276 423/422/275 425/424/277
f 427/426/279 426/427/280 424/425/278
f 424/425/278 425/424/277 427/426/279
f 429/428/281 428/429/282 426/427/280
f 426/427/280 427/426/279 429/428/281
f 431/430/283 430/431/284 428/429/282
f 428/429/282 429/428/281 431/430/283
f 433/432/285 432/433/286 430/431/284
f 430/431/284 431/430/283 433/432/285
f 435/434/287 434/435/288 432/433/286
f 432/433/286 433/432/285 435/434/287
f 437/436/289 436/437/290 434/435/288
f 434/435/288 435/434/287 437/436/289
f 439/438/291 438/439/292 436/437/290
f 436/437/290 437/436/289 439/438/291
f 441/440/293 440/441/294 438/439/292
f 438/439/292 439/438/291 441/440/293
f 443/442/295 442/443/296 440/441/294
f 440/441/294 441/440/293 443/442/295
f 445/444/297 444/445/298 442/443/296
f 442/443/296 443/442/295 445/444/297
f 447/446/299 446/447/300 444/445/298
f 444/445/298 445/444/297 447/446/299
f 368/369/224 367/368/223 446/447/300
f 446/447/300 447/446/299 368/369/224
f 369/366/221 368/369/224 448/448/301
f 448/448/301 449/449/302 369/366/221
f 371/370/225 369/366/221 449/449/302
f 449/449/302 450/450/303 371/370/225
f 373/372/227 371/370/225 450/450/303
f 450/450/303 451/451/304 373/372/227
f 375/374/229 373/372/227 451/451/304
f 451/451/304 452/452/305 375/374/229
f 377/376/231 375/374/229 452/452/305
f 452/452/305 453/453/306 377/376/231
f 379/378/233 377/376/231 453/453/306
f 453/453/306 454/454/307 379/378/233
f 381/380/235 379/378/233 454/454/307
f 454/454/307 455/455/308 381/380/235
f 383/382/237 381/380/235 455/455/308
f 455/455/308 456/456/309 383/382/237
f 385/384/239 383/382/237 456/456/309
f 456/456/309 457/457/310 385/384/239
f 389/386/241 388/389/239 458/458/311
f 458/458/311 459/459/312 389/386/241
f 391/390/243 389/386/241 459/459/312
f 459/459/312 460/460/313 391/390/243
f 393/392/245 391/390/243 460/460/313
f 460/460/313 461/461/314 393/392/245
f 395/394/247 393/392/245 461/461/314
f 461/461/314 462/462/315 395/394/247
f 397/396/249 395/394/247 462/462/315
f 462/462/315 463/463/316 397/396/249
f 399/398/251 397/396/249 463/463/316
f 463/463/316 464/464/317 399/398/251
f 401/400/253 399/398/251 464/464/317
f 464/464/317 465/465/318 401/400/253
f 403/402/255 401/400/253 465/465/318
f 465/465/318 466/466/319 403/402/255
f 405/404/257 403/402/255 466/466/319
f 466/466/319 467/467/320 405/404/257
f 407/406/259 405/404/257 467/467/320
f 467/467/320 468/468/321 407/406/259
f 409/408/261 407/406/259 468/468/321
f 468/468/321 469/469/322 409/408/261
f 411/410/263 409/408/261 469/469/322
f 469/469/322 470/470/323 411/410/263
f 413/412/265 411/410/263 470/470/323
f 470/470/323 471/471/324 413/412/265
f 415/414/267 413/412/265 471/471/324
f 471/471/324 472/472/325 415/414/267
f 417/416/269 415/414/267 472/472/325
f 472/472/325 473/473/326 417/416/269
f 419/418/271 417/416/269 473/473/326
f 473/473/326 474/474/327 419/418/271
f 421/420/273 419/418/271 474/474/327
f 474/474/327 475/475/328 421/420/273
f 423/422/275 421/420/273 475/475/328
f 475/475/328 476/476/329 423/422/275
f 425/424/277 423/422/275 476/476/329
f 476/476/329 477/477/330 425/424/277
f 427/426/279 425/424/277 477/477/330
f 477/477/330 478/478/331 427/426/279
f 429/428/281 427/426/279 478/478/331
f 478/478/331 479/479/332 429/428/281
f 431/430/283 429/428/281 479/479/332
f 479/479/332 480/480/333 431/430/283
f 433/432/285 431/430/283 480/480/333
f 480/480/333 481/481/334 433/432/285
f 435/434/287 433/432/285 481/481/334
f 481/481/334 482/482/335 435/434/287
f 437/436/289 435/434/287 482/482/335
f 482/482/335 483/483/336 437/436/289
f 439/438/291 437/436/289 483/483/336
f 483/483/336 484/484/337 439/438/291
f 441/440/293 439/438/291 484/484/337
f 484/484/337 485/485/338 441/440/293
f 443/442/295 441/440/293 485/485/338
f 485/485/338 486/486/339 443/442/295
f 445/444/297 443/442/295 486/486/339
f 486/486/339 487/487/340 445/444/297
f 447/446/299 445/444/297 487/487/340
f 487/487/340 488/488/341 447/446/299
f 488/488/341 448/448/301 368/369/224
f 368/369/224 447/446/299 488/488/341
f 489/489/342 490/490/301 491/491/343
f 492/492/344 489/489/342 491/491/343
f 493/493/304 492/492/344 491/491/343
f 494/494/345 493/493/304 491/491/343
f 495/495/306 494/494/345 491/491/343
f 496/496/346 495/495/306 491/491/343
f 497/497/308 496/496/346 491/491/343
f 498/498/347 497/497/308 491/491/343
f 499/499/348 498/498/347 491/491/343
f 500/500/349 499/499/348 491/491/343
f 501/501/350 500/500/349 491/491/343
f 502/502/314 501/501/350 491/491/343
f 503/503/351 502/502/314 491/491/343
f 504/504/352 503/503/351 491/491/343
f 505/505/353 504/504/352 491/491/343
f 506/506/354 505/505/353 491/491/343
f 507/507/355 506/506/354 491/491/343
f 508/508/356 507/507/355 491/491/343
f 509/509/357 508/508/356 491/491/343
f 510/510/322 509/509/357 491/491/343
f 511/511/358 510/510/322 491/491/343
f 512/512/359 511/511/358 491/491/343
f 513/513/360 512/512/359 491/491/343
f 514/514/361 513/513/360 491/491/343
f 515/515/362 514/514/361 491/491/343
f 516/516/363 515/515/362 491/491/343
f 517/517/329 516/516/363 491/491/343
f 518/518/364 517/517/329 491/491/343
f 519/519/365 518/518/364 491/491/343
f 520/520/366 519/519/365 491/491/343
f 521/521/367 520/520/366 491/491/343
f 522/522/334 521/521/367 491/491/343
f 523/523/335 522/522/334 491/491/343
f 524/524/368 523/523/335 491/491/343
f 525/525/369 524/524/368 491/491/343
f 526/526/370 525/525/369 491/491/343
f 527/527/371 526/526/370 491/491/343
f 528/528/372 527/527/371 491/491/343
f 529/529/373 528/528/372 491/491/343
f 490/490/301 529/529/373 491/491/343
s 0
f 530/530/161 531/531/161 532/532/161
f 532/532/161 531/531/161 533/533/161
f 531/531/161 534/534/161 535/535/161
f 535/535/161 534/534/161 536/536/161
f 534/534/161 537/537/161 538/538/161
f 538/538/161 537/537/161 539/539/161
f 537/537/161 540/540/161 541/541/161
f 541/541/161 540/540/161 542/542/161
f 540/540/161 543/543/161 544/544/161
f 544/544/161 543/543/161 545/545/161
f 543/543/161 546/546/161 547/547/161
f 547/547/161 546/546/161 548/548/161
f 546/546/161 549/549/161 550/550/161
f 550/550/161 549/549/161 551/551/161
f 549/549/161 552/552/161 553/553/161
f 553/553/161 552/552/161 554/554/161
f 552/552/161 555/555/161 556/556/161
f 556/556/161 555/555/161 557/557/161
f 555/555/161 558/558/161 559/559/161
f 559/559/161 558/558/161 560/560/161
f 558/558/161 561/561/161 562/562/161
f 562/562/161 561/561/161 563/563/161
f 561/561/161 564/564/161 565/565/161
f 565/565/161 564/564/161 566/566/161
f 564/564/161 567/567/161 568/568/161
f 568/568/161 567/567/161 569/569/161
f 567/567/161 570/570/161 571/571/161
f 571/571/161 570/570/161 572/572/161
f 570/570/161 573/573/161 574/574/161
f 574/574/161 573/573/161 575/575/161
f 573/573/161 576/576/161 577/577/161
f 577/577/161 576/576/161 578/578/161
f 576/576/161 579/579/161 580/580/161
f 580/580/161 579/579/161 581/581/161
f 579/579/161 582/582/161 583/583/161
f 583/583/161 582/582/161 584/584/161
f 582/582/161 585/585/161 586/586/161
f 586/586/161 585/585/161 587/587/161
f 585/585/161 588/588/161 589/589/161
f 589/589/161 588/588/161 590/590/161
f 588/588/161 591/591/161 592/592/161
f 592/592/161 591/591/161 593/593/161
f 591/591/161 594/594/161 595/595/161
f 595/595/161 594/594/161 596/596/161
f 594/594/161 597/597/161 598/598/161
f 598/598/161 597/597/161 599/599/161
f 597/597/161 600/600/161 601/601/161
f 601/601/161 600/600/161 602/602/161
f 600/600/161 603/603/161 604/604/161
f 604/604/161 603/603/161 605/605/161
f 603/603/161 606/606/161 607/607/161
f 607/607/161 606/606/161 608/608/161
f 606/606/161 609/609/161 610/610/161
f 610/610/161 609/609/161 611/611/161
f 609/609/161 612/612/161 613/613/161
f 613/613/161 612/612/161 614/614/161
f 612/612/161 615/615/161 616/616/161
f 616/616/161 615/615/161 617/617/161
f 615/615/161 618/618/161 619/619/161
f 619/619/161 618/618/161 620/620/161
f 618/618/161 621/621/161 622/622/161
f 622/622/161 621/621/161 623/623/161
f 621/621/161 624/624/161 625/625/161
f 625/625/161 624/624/161 626/626/161
f 624/624/161 627/627/161 628/628/161
f 628/628/161 627/627/161 629/629/161
f 627/627/161 630/630/161 631/631/161
f 631/631/161 630/630/161 632/632/161
f 630/630/161 633/633/161 634/634/161
f 634/634/161 633/633/161 635/635/161
f 633/633/161 636/636/161 637/637/161
f 637/637/161 636/636/161 638/638/161
f 636/636/161 639/639/161 640/640/161
f 640/640/161 639/639/161 641/641/161
f 639/639/161 642/642/161 643/643/161
f 643/643/161 642/642/161 644/644/161
f 642/642/161 645/645/161 646/646/161
f 646/646/161 645/645/161 647/647/161
f 645/645/161 530/530/161 648/648/161
f 648/648/161 530/530/161 649/649/161
f 653/206/223 650/209/223 651/364/223
f 651/364/223 652/363/223 653/206/223
f 657/210/222 654/213/222 655/208/222
f 655/208/222 656/207/222 657/210/222
f 661/214/226 658/217/226 659/212/226
s 1
f 659/212/226 660/211/226 661/214/226
s 0
f 665/218/228 662/221/228 663/216/228
f 663/216/228 664/215/228 665/218/228
f 669/222/374 666/225/374 667/220/374
f 667/220/374 668/219/374 669/222/374
f 673/226/375 670/229/375 671/224/375
f 671/224/375 672/223/375 673/226/375
f 677/230/234 674/233/234 675/228/234
f 675/228/234 676/227/234 677/230/234
f 681/234/236 678/237/236 679/232/236
f 679/232/236 680/231/236 681/234/236
f 685/238/238 682/241/238 683/236/238
f 683/236/238 684/235/238 685/238/238
f 689/650/240 686/651/240 687/240/240
f 687/240/240 688/239/240 689/650/240
f 693/246/242 690/249/242 691/244/242
f 691/244/242 692/243/242 693/246/242
f 697/250/376 694/253/376 695/248/376
f 695/248/376 696/247/376 697/250/376
s 1
f 701/254/246 698/257/246 699/252/246
s 0
f 699/252/246 700/251/246 701/254/246
f 705/258/248 702/261/248 703/256/248
f 703/256/248 704/255/248 705/258/248
f 709/262/250 706/265/250 707/260/250
f 707/260/250 708/259/250 709/262/250
f 713/266/252 710/269/252 711/264/252
f 711/264/252 712/263/252 713/266/252
f 717/270/254 714/273/254 715/268/254
f 715/268/377 716/267/377 717/270/377
f 721/274/256 718/277/256 719/272/256
f 719/272/256 720/271/256 721/274/256
f 725/278/258 722/281/258 723/276/258
f 723/276/258 724/275/258 725/278/258
f 729/282/260 726/285/260 727/280/260
f 727/280/260 728/279/260 729/282/260
f 733/286/262 730/289/262 731/284/262
f 731/284/262 732/283/262 733/286/262
f 737/290/264 734/293/264 735/288/264
f 735/288/264 736/287/264 737/290/264
f 741/294/378 738/297/378 739/292/378
f 739/292/266 740/291/266 741/294/266
f 745/298/268 742/301/268 743/296/268
f 743/296/268 744/295/268 745/298/268
f 749/652/270 746/653/270 747/300/270
f 747/300/270 748/299/270 749/652/270
f 753/306/272 750/309/272 751/304/272
f 751/304/272 752/303/272 753/306/272
f 757/654/274 754/655/274 755/308/274
f 755/308/274 756/307/274 757/654/274
f 761/314/276 758/317/276 759/312/276
f 759/312/276 760/311/276 761/314/276
f 765/318/278 762/321/278 763/316/278
f 763/316/278 764/315/278 765/318/278
f 769/322/280 766/325/280 767/320/280
f 767/320/280 768/319/280 769/322/280
f 773/326/282 770/329/282 771/324/282
f 771/324/282 772/323/282 773/326/282
f 777/330/284 774/333/284 775/328/284
f 775/328/284 776/327/284 777/330/284
f 781/334/286 778/337/286 779/332/286
f 779/332/286 780/331/286 781/334/286
f 785/338/379 782/341/379 783/336/379
f 783/336/379 784/335/379 785/338/379
f 789/342/380 786/345/380 787/340/380
f 787/340/380 788/339/380 789/342/380
f 793/346/292 790/349/292 791/344/292
f 791/344/292 792/343/292 793/346/292
s 1
f 797/350/294 794/353/294 795/348/294
s 0
f 795/348/294 796/347/294 797/350/294
f 801/354/296 798/357/296 799/352/296
f 799/352/296 800/351/296 801/354/296
f 805/358/298 802/361/298 803/356/298
f 803/356/298 804/355/298 805/358/298
f 809/362/300 806/365/300 807/360/300
f 807/360/300 808/359/300 809/362/300
f 531/531/161 535/535/161 533/533/161
f 534/534/161 538/538/161 536/536/161
f 537/537/161 541/541/161 539/539/161
s 1
f 810/656/381 811/657/382 812/658/383
s 0
f 540/540/161 544/544/161 542/542/161
f 543/543/161 547/547/161 545/545/161
f 546/546/161 550/550/161 548/548/161
f 549/549/161 553/553/161 551/551/161
f 552/552/161 556/556/161 554/554/161
s 1
f 813/659/384 814/660/385 815/661/386
s 0
f 555/555/161 559/559/161 557/557/161
f 558/558/161 562/562/161 560/560/161
s 1
f 816/662/387 817/663/388 818/664/389
s 0
f 561/561/161 565/565/161 563/563/161
s 1
f 819/665/390 820/666/391 821/667/392
s 0
f 564/564/161 568/568/161 566/566/161
f 567/567/161 571/571/161 569/569/161
f 570/570/161 574/574/161 572/572/161
f 573/573/161 577/577/161 575/575/161
s 1
f 822/668/393 823/669/394 824/670/395
s 0
f 576/576/161 580/580/161 578/578/161
f 579/579/161 583/583/161 581/581/161
f 582/582/161 586/586/161 584/584/161
s 1
f 825/671/396 826/672/397 827/673/398
s 0
f 585/585/161 589/589/161 587/587/161
s 1
f 828/674/399 829/675/400 830/676/401
s 0
f 588/588/161 592/592/161 590/590/161
f 591/591/161 595/595/161 593/593/161
s 1
f 831/677/402 832/678/403 833/679/404
s 0
f 594/594/161 598/598/161 596/596/161
s 1
f 834/680/405 835/681/406 836/682/407
s 0
f 597/597/161 601/601/161 599/599/161
s 1
f 837/683/408 838/684/409 839/685/410
s 0
f 600/600/161 604/604/161 602/602/161
s 1
f 840/686/411 841/687/412 842/688/413
s 0
f 603/603/161 607/607/161 605/605/161
f 606/606/161 610/610/161 608/608/161
s 1
f 843/689/414 844/690/415 845/691/416
s 0
f 609/609/161 613/613/161 611/611/161
f 612/612/161 616/616/161 614/614/161
s 1
f 846/692/417 847/693/418 848/694/419
s 0
f 615/615/161 619/619/161 617/617/161
f 618/618/161 622/622/161 620/620/161
f 621/621/161 625/625/161 623/623/161
s 1
f 849/695/420 850/696/421 851/697/422
s 0
f 624/624/161 628/628/161 626/626/161
s 1
f 852/698/423 853/699/424 854/700/425
s 0
f 627/627/161 631/631/161 629/629/161
f 630/630/161 634/634/161 632/632/161
f 633/633/161 637/637/161 635/635/161
f 636/636/161 640/640/161 638/638/161
f 639/639/161 643/643/161 641/641/161
s 1
f 855/701/426 856/702/427 857/703/428
s 0
f 642/642/161 646/646/161 644/644/161
f 645/645/161 648/648/161 647/647/161
f 530/530/161 532/532/161 649/649/161
f 861/704/343 858/705/343 859/706/343
f 859/706/343 860/707/343 861/704/343
f 865/364/429 862/364/429 863/363/429
f 863/363/429 864/363/429 865/364/429
f 869/708/161 866/533/161 867/535/161
f 867/535/161 868/709/161 869/708/161
f 873/206/430 870/206/430 871/209/430
f 871/209/430 872/209/430 873/206/430
f 877/710/343 874/711/343 875/712/343
f 875/712/343 876/713/343 877/710/343
f 881/208/431 878/208/431 879/207/431
f 879/207/431 880/207/431 881/208/431
f 885/714/161 882/536/161 883/538/161
f 883/538/161 884/715/161 885/714/161
f 889/210/432 886/210/432 887/213/432
f 887/213/432 888/213/432 889/210/432
f 893/716/343 890/717/343 891/718/343
f 891/718/343 892/719/343 893/716/343
f 897/212/433 894/212/433 895/211/433
f 895/211/433 896/211/433 897/212/433
f 901/720/161 898/539/161 899/541/161
f 899/541/161 900/721/161 901/720/161
f 905/214/434 902/214/434 903/217/434
f 903/217/434 904/217/434 905/214/434
f 909/722/343 906/656/343 907/658/343
f 907/658/343 908/723/343 909/722/343
f 913/216/435 910/216/435 911/215/435
f 911/215/435 912/215/435 913/216/435
f 917/724/161 914/542/161 915/544/161
f 915/544/161 916/725/161 917/724/161
f 921/218/436 918/218/436 919/221/436
f 919/221/436 920/221/436 921/218/436
f 925/726/343 922/727/343 923/728/343
f 923/728/343 924/729/343 925/726/343
f 929/220/437 926/220/437 927/219/437
f 927/219/437 928/219/437 929/220/437
f 933/730/161 930/545/161 931/547/161
f 931/547/161 932/731/161 933/730/161
f 937/222/438 934/222/438 935/225/438
f 935/225/438 936/225/438 937/222/438
f 941/732/343 938/733/343 939/734/343
f 939/734/343 940/735/343 941/732/343
f 945/224/439 942/224/439 943/223/439
f 943/223/439 944/223/439 945/224/439
f 949/736/161 946/548/161 947/550/161
f 947/550/161 948/737/161 949/736/161
f 953/226/440 950/226/440 951/229/440
f 951/229/440 952/229/440 953/226/440
f 957/738/343 954/739/343 955/740/343
f 955/740/343 956/741/343 957/738/343
f 961/228/441 958/228/441 959/227/441
f 959/227/442 960/227/442 961/228/442
f 965/742/161 962/551/161 963/553/161
f 963/553/161 964/743/161 965/742/161
f 969/230/443 966/230/443 967/233/443
f 967/233/443 968/233/443 969/230/443
f 973/744/343 970/745/343 971/746/343
f 971/746/343 972/747/343 973/744/343
f 977/232/444 974/232/444 975/231/444
f 975/231/444 976/231/444 977/232/444
f 981/748/161 978/554/161 979/556/161
f 979/556/161 980/749/161 981/748/161
f 985/234/445 982/234/445 983/237/445
f 983/237/445 984/237/445 985/234/445
f 989/750/343 986/659/343 987/661/343
f 987/661/343 988/751/343 989/750/343
f 993/236/446 990/236/446 991/235/446
f 991/235/446 992/235/446 993/236/446
f 997/752/161 994/557/161 995/559/161
f 995/559/161 996/753/161 997/752/161
f 1001/238/447 998/238/447 999/241/447
f 999/241/447 1000/241/447 1001/238/447
f 1005/754/343 1002/755/343 1003/756/343
f 1003/756/343 1004/757/343 1005/754/343
f 1009/240/448 1006/240/448 1007/239/448
f 1007/239/448 1008/239/448 1009/240/448
f 1013/758/161 1010/560/161 1011/562/161
f 1011/562/161 1012/759/161 1013/758/161
f 1017/242/449 1014/242/449 1015/245/449
f 1015/245/449 1016/245/449 1017/242/449
f 1021/760/343 1018/662/343 1019/664/343
f 1019/664/343 1020/761/343 1021/760/343
f 1025/244/450 1022/244/450 1023/243/450
s 1
f 1023/243/450 1024/243/450 1025/244/450
s 0
f 1029/762/161 1026/563/161 1027/565/161
f 1027/565/161 1028/763/161 1029/762/161
f 1033/246/451 1030/246/451 1031/249/451
f 1031/249/451 1032/249/451 1033/246/451
f 1037/764/343 1034/665/343 1035/667/343
f 1035/667/343 1036/765/343 1037/764/343
f 1041/248/452 1038/248/452 1039/247/452
f 1039/247/452 1040/247/452 1041/248/452
f 1045/766/161 1042/566/161 1043/568/161
f 1043/568/161 1044/767/161 1045/766/161
f 1049/250/453 1046/250/453 1047/253/453
f 1047/253/453 1048/253/453 1049/250/453
f 1053/768/343 1050/769/343 1051/770/343
f 1051/770/343 1052/771/343 1053/768/343
f 1057/252/454 1054/252/454 1055/251/454
f 1055/251/454 1056/251/454 1057/252/454
f 1061/772/161 1058/569/161 1059/571/161
f 1059/571/161 1060/773/161 1061/772/161
f 1065/254/455 1062/254/455 1063/257/455
f 1063/257/455 1064/257/455 1065/254/455
f 1069/774/343 1066/775/343 1067/776/343
f 1067/776/343 1068/777/343 1069/774/343
f 1073/256/456 1070/256/456 1071/255/456
f 1071/255/456 1072/255/456 1073/256/456
f 1077/778/161 1074/572/161 1075/574/161
f 1075/574/161 1076/779/161 1077/778/161
f 1081/258/457 1078/258/457 1079/261/457
f 1079/261/457 1080/261/457 1081/258/457
f 1085/780/343 1082/781/343 1083/782/343
f 1083/782/343 1084/783/343 1085/780/343
f 1089/260/458 1086/260/458 1087/259/458
f 1087/259/458 1088/259/458 1089/260/458
f 1093/784/161 1090/575/161 1091/577/161
f 1091/577/161 1092/785/161 1093/784/161
f 1097/262/459 1094/262/459 1095/265/459
f 1095/265/459 1096/265/459 1097/262/459
f 1101/786/343 1098/668/343 1099/670/343
f 1099/670/343 1100/787/343 1101/786/343
f 1105/264/460 1102/264/460 1103/263/460
f 1103/263/460 1104/263/460 1105/264/460
f 1109/788/161 1106/578/161 1107/580/161
f 1107/580/161 1108/789/161 1109/788/161
f 1113/266/461 1110/266/461 1111/269/461
f 1111/269/461 1112/269/461 1113/266/461
f 1117/790/343 1114/791/343 1115/792/343
f 1115/792/343 1116/793/343 1117/790/343
f 1121/268/462 1118/268/462 1119/267/462
f 1119/267/462 1120/267/462 1121/268/462
f 1125/794/161 1122/581/161 1123/583/161
f 1123/583/161 1124/795/161 1125/794/161
s 1
f 1129/270/463 1126/270/463 1127/273/463
s 0
f 1127/273/463 1128/273/463 1129/270/463
f 1133/796/343 1130/797/343 1131/798/343
f 1131/798/343 1132/799/343 1133/796/343
f 1137/272/464 1134/272/464 1135/271/464
f 1135/271/464 1136/271/464 1137/272/464
f 1141/800/161 1138/584/161 1139/586/161
f 1139/586/161 1140/801/161 1141/800/161
f 1145/274/465 1142/274/465 1143/277/465
f 1143/277/465 1144/277/465 1145/274/465
f 1149/802/343 1146/671/343 1147/673/343
f 1147/673/343 1148/803/343 1149/802/343
f 1153/276/466 1150/276/466 1151/275/466
f 1151/275/466 1152/275/466 1153/276/466
f 1157/804/161 1154/587/161 1155/589/161
f 1155/589/161 1156/805/161 1157/804/161
f 1161/278/467 1158/278/467 1159/281/467
f 1159/281/467 1160/281/467 1161/278/467
f 1165/806/343 1162/674/343 1163/676/343
f 1163/676/343 1164/807/343 1165/806/343
f 1169/280/468 1166/280/468 1167/279/468
f 1167/279/468 1168/279/468 1169/280/468
f 1173/808/161 1170/590/161 1171/592/161
f 1171/592/161 1172/809/161 1173/808/161
f 1177/282/469 1174/282/469 1175/285/469
f 1175/285/469 1176/285/469 1177/282/469
f 1181/810/343 1178/811/343 1179/812/343
f 1179/812/343 1180/813/343 1181/810/343
f 1185/284/470 1182/284/470 1183/283/470
f 1183/283/470 1184/283/470 1185/284/470
f 1189/814/161 1186/593/161 1187/595/161
f 1187/595/161 1188/815/161 1189/814/161
f 1193/286/471 1190/286/471 1191/289/471
f 1191/289/471 1192/289/471 1193/286/471
f 1197/816/343 1194/677/343 1195/679/343
f 1195/679/343 1196/817/343 1197/816/343
f 1201/288/472 1198/288/472 1199/287/472
f 1199/287/472 1200/287/472 1201/288/472
f 1205/818/161 1202/596/161 1203/598/161
f 1203/598/161 1204/819/161 1205/818/161
f 1209/290/473 1206/290/473 1207/293/473
f 1207/293/473 1208/293/473 1209/290/473
f 1213/820/343 1210/680/343 1211/682/343
f 1211/682/343 1212/821/343 1213/820/343
s 1
f 1217/292/474 1214/292/474 1215/291/474
s 0
f 1215/291/474 1216/291/474 1217/292/474
f 1221/822/161 1218/599/161 1219/601/161
f 1219/601/161 1220/823/161 1221/822/161
f 1225/294/475 1222/294/475 1223/297/475
s 1
f 1223/297/475 1224/297/475 1225/294/475
s 0
f 1229/824/343 1226/683/343 1227/685/343
f 1227/685/343 1228/825/343 1229/824/343
f 1233/296/476 1230/296/476 1231/295/476
f 1231/295/476 1232/295/476 1233/296/476
f 1237/826/161 1234/602/161 1235/604/161
f 1235/604/161 1236/827/161 1237/826/161
f 1241/298/477 1238/298/477 1239/301/477
f 1239/301/477 1240/301/477 1241/298/477
f 1245/828/343 1242/686/343 1243/688/343
f 1243/688/343 1244/829/343 1245/828/343
f 1249/300/478 1246/300/478 1247/299/478
f 1247/299/478 1248/299/478 1249/300/478
f 1253/830/161 1250/605/161 1251/607/161
f 1251/607/161 1252/831/161 1253/830/161
f 1257/652/479 1254/302/479 1255/305/479
s 1
f 1255/305/479 1256/653/479 1257/652/479
s 0
f 1261/832/343 1258/833/343 1259/834/343
f 1259/834/343 1260/835/343 1261/832/343
f 1265/304/480 1262/304/480 1263/303/480
f 1263/303/480 1264/303/480 1265/304/480
f 1269/836/161 1266/608/161 1267/610/161
f 1267/610/161 1268/837/161 1269/836/161
f 1273/306/481 1270/306/481 1271/309/481
f 1271/309/481 1272/309/481 1273/306/481
f 1277/838/343 1274/689/343 1275/691/343
f 1275/691/343 1276/839/343 1277/838/343
f 1281/308/482 1278/308/482 1279/307/482
f 1279/307/482 1280/307/482 1281/308/482
f 1285/840/161 1282/611/161 1283/613/161
f 1283/613/161 1284/841/161 1285/840/161
f 1289/654/483 1286/310/483 1287/313/483
f 1287/313/483 1288/655/483 1289/654/483
f 1293/842/343 1290/843/343 1291/844/343
f 1291/844/343 1292/845/343 1293/842/343
s 1
f 1297/312/484 1294/312/484 1295/311/484
s 0
f 1295/311/484 1296/311/484 1297/312/484
f 1301/846/161 1298/614/161 1299/616/161
f 1299/616/161 1300/847/161 1301/846/161
f 1305/314/485 1302/314/485 1303/317/485
f 1303/317/485 1304/317/485 1305/314/485
f 1309/848/343 1306/692/343 1307/694/343
f 1307/694/343 1308/849/343 1309/848/343
f 1313/316/486 1310/316/486 1311/315/486
f 1311/315/486 1312/315/486 1313/316/486
f 1317/850/161 1314/617/161 1315/619/161
f 1315/619/161 1316/851/161 1317/850/161
f 1321/318/487 1318/318/487 1319/321/487
f 1319/321/487 1320/321/487 1321/318/487
f 1325/852/343 1322/853/343 1323/854/343
f 1323/854/343 1324/855/343 1325/852/343
f 1329/320/488 1326/320/488 1327/319/488
f 1327/319/488 1328/319/488 1329/320/488
f 1333/856/161 1330/620/161 1331/622/161
f 1331/622/161 1332/857/161 1333/856/161
f 1337/322/489 1334/322/489 1335/325/489
f 1335/325/489 1336/325/489 1337/322/489
f 1341/858/343 1338/859/343 1339/860/343
f 1339/860/343 1340/861/343 1341/858/343
f 1345/324/490 1342/324/490 1343/323/490
f 1343/323/490 1344/323/490 1345/324/490
f 1349/862/161 1346/623/161 1347/625/161
f 1347/625/161 1348/863/161 1349/862/161
f 1353/326/491 1350/326/491 1351/329/491
f 1351/329/491 1352/329/491 1353/326/491
f 1357/864/343 1354/695/343 1355/697/343
f 1355/697/343 1356/865/343 1357/864/343
f 1361/328/492 1358/328/492 1359/327/492
f 1359/327/492 1360/327/492 1361/328/492
f 1365/866/161 1362/626/161 1363/628/161
f 1363/628/161 1364/867/161 1365/866/161
f 1369/330/493 1366/330/493 1367/333/493
f 1367/333/493 1368/333/493 1369/330/493
f 1373/868/343 1370/698/343 1371/700/343
f 1371/700/343 1372/869/343 1373/868/343
f 1377/332/494 1374/332/494 1375/331/494
f 1375/331/494 1376/331/494 1377/332/494
f 1381/870/161 1378/629/161 1379/631/161
f 1379/631/161 1380/871/161 1381/870/161
f 1385/334/495 1382/334/495 1383/337/495
f 1383/337/495 1384/337/495 1385/334/495
f 1389/872/343 1386/873/343 1387/874/343
f 1387/874/343 1388/875/343 1389/872/343
f 1393/336/496 1390/336/496 1391/335/496
f 1391/335/496 1392/335/496 1393/336/496
f 1397/876/161 1394/632/161 1395/634/161
f 1395/634/161 1396/877/161 1397/876/161
f 1401/338/497 1398/338/497 1399/341/497
f 1399/341/497 1400/341/497 1401/338/497
f 1405/878/343 1402/879/343 1403/880/343
f 1403/880/343 1404/881/343 1405/878/343
f 1409/340/498 1406/340/498 1407/339/498
s 1
f 1407/339/498 1408/339/498 1409/340/498
s 0
f 1413/882/161 1410/635/161 1411/637/161
f 1411/637/161 1412/883/161 1413/882/161
f 1417/342/499 1414/342/499 1415/345/499
f 1415/345/499 1416/345/499 1417/342/499
f 1421/884/343 1418/885/343 1419/886/343
f 1419/886/343 1420/887/343 1421/884/343
f 1425/344/500 1422/344/500 1423/343/500
f 1423/343/500 1424/343/500 1425/344/500
f 1429/888/161 1426/638/161 1427/640/161
f 1427/640/161 1428/889/161 1429/888/161
f 1433/346/501 1430/346/501 1431/349/501
f 1431/349/501 1432/349/501 1433/346/501
f 1437/890/343 1434/891/343 1435/892/343
f 1435/892/343 1436/893/343 1437/890/343
s 1
f 1441/348/502 1438/348/502 1439/347/502
s 0
f 1439/347/502 1440/347/502 1441/348/502
f 1445/894/161 1442/641/161 1443/643/161
f 1443/643/161 1444/895/161 1445/894/161
s 1
f 1449/350/503 1446/350/503 1447/353/503
s 0
f 1447/353/503 1448/353/503 1449/350/503
f 1453/896/343 1450/701/343 1451/703/343
f 1451/703/343 1452/897/343 1453/896/343
f 1457/352/504 1454/352/504 1455/351/504
f 1455/351/504 1456/351/504 1457/352/504
f 1461/898/161 1458/644/161 1459/646/161
f 1459/646/161 1460/899/161 1461/898/161
f 1465/354/505 1462/354/505 1463/357/505
f 1463/357/505 1464/357/505 1465/354/505
f 1469/900/343 1466/901/343 1467/902/343
f 1467/902/343 1468/903/343 1469/900/343
f 1473/356/506 1470/356/506 1471/355/506
f 1471/355/506 1472/355/506 1473/356/506
f 1477/904/161 1474/647/161 1475/648/161
f 1475/648/161 1476/905/161 1477/904/161
f 1481/358/507 1478/358/507 1479/361/507
f 1479/361/507 1480/361/507 1481/358/507
f 1485/906/343 1482/907/343 1483/908/343
f 1483/908/343 1484/909/343 1485/906/343
f 1489/360/508 1486/360/508 1487/359/508
f 1487/359/508 1488/359/508 1489/360/508
f 1493/910/161 1490/649/161 1491/532/161
f 1491/532/161 1492/911/161 1493/910/161
f 1497/362/509 1494/362/509 1495/365/509
f 1495/365/509 1496/365/509 1497/362/509
s 1
f 1/2/2 1498/912/510 1499/913/511
f 1499/913/511 2/3/3 1/2/2
f 2/3/3 1499/913/511 1500/914/512
f 1500/914/512 5/5/5 2/3/3
f 5/5/5 1500/914/512 1501/915/513
f 1501/915/513 7/7/7 5/5/5
f 7/7/7 1501/915/513 1502/916/514
f 1502/916/514 9/9/9 7/7/7
f 9/9/9 1502/916/514 1503/917/515
f 1503/917/515 11/11/11 9/9/9
f 11/11/11 1503/917/515 1504/918/516
f 1504/918/516 13/13/13 11/11/11
f 13/13/13 1504/918/516 1505/919/517
f 1505/919/517 15/15/15 13/13/13
f 15/15/15 1505/919/517 1506/920/518
f 1506/920/518 17/17/17 15/15/15
f 17/17/17 1506/920/518 1507/921/519
f 1507/921/519 19/19/19 17/17/17
f 21/22/19 1508/922/519 1509/923/520
f 1509/923/520 22/23/21 21/22/19
f 22/23/21 1509/923/520 1510/924/521
f 1510/924/521 25/25/23 22/23/21
f 25/25/23 1510/924/521 1511/925/522
f 1511/925/522 27/27/25 25/25/23
f 27/27/25 1511/925/522 1512/926/523
f 1512/926/523 29/29/27 27/27/25
f 29/29/27 1512/926/523 1513/927/524
f 1513/927/524 31/31/29 29/29/27
f 31/31/29 1513/927/524 1514/928/525
f 1514/928/525 33/33/31 31/31/29
f 33/33/31 1514/928/525 1515/929/526
f 1515/929/526 35/35/33 33/33/31
f 35/35/33 1515/929/526 1516/930/527
f 1516/930/527 37/37/35 35/35/33
f 37/37/35 1516/930/527 1517/931/528
f 1517/931/528 39/39/37 37/37/35
f 39/39/37 1517/931/528 1518/932/529
f 1518/932/529 41/41/39 39/39/37
f 41/41/39 1518/932/529 1519/933/530
f 1519/933/530 43/43/41 41/41/39
f 43/43/41 1519/933/530 1520/934/531
f 1520/934/531 45/45/43 43/43/41
f 45/45/43 1520/934/531 1521/935/532
f 1521/935/532 47/47/45 45/45/43
f 47/47/45 1521/935/532 1522/936/533
f 1522/936/533 49/49/47 47/47/45
f 49/49/47 1522/936/533 1523/937/534
f 1523/937/534 51/51/49 49/49/47
f 51/51/49 1523/937/534 1524/938/535
f 1524/938/535 53/53/51 51/51/49
f 53/53/51 1524/938/535 1525/939/536
f 1525/939/536 55/55/53 53/53/51
f 55/55/53 1525/939/536 1526/940/537
f 1526/940/537 57/57/55 55/55/53
f 57/57/55 1526/940/537 1527/941/538
f 1527/941/538 59/59/57 57/57/55
f 59/59/57 1527/941/538 1528/942/539
f 1528/942/539 61/61/59 59/59/57
f 61/61/59 1528/942/539 1529/943/540
f 1529/943/540 63/63/61 61/61/59
f 63/63/61 1529/943/540 1530/944/541
f 1530/944/541 65/65/63 63/63/61
f 65/65/63 1530/944/541 1531/945/542
f 1531/945/542 67/67/65 65/65/63
f 67/67/65 1531/945/542 1532/946/543
f 1532/946/543 69/69/67 67/67/65
f 69/69/67 1532/946/543 1533/947/544
f 1533/947/544 71/71/69 69/69/67
f 71/71/69 1533/947/544 1534/948/545
f 1534/948/545 73/73/71 71/71/69
f 73/73/71 1534/948/545 1535/949/546
f 1535/949/546 75/75/73 73/73/71
f 75/75/73 1535/949/546 1536/950/547
f 1536/950/547 77/77/75 75/75/73
f 77/77/75 1536/950/547 1537/951/548
f 1537/951/548 79/79/77 77/77/75
f 79/79/77 1537/951/548 1538/952/549
f 1538/952/549 81/81/79 79/79/77
f 81/81/79 1538/952/549 1498/912/510
f 1498/912/510 1/2/2 81/81/79
f 1539/953/550 1540/954/551 1541/711/552
f 1541/711/552 1540/954/551 1542/712/553
f 1540/954/551 1543/705/554 1542/712/553
f 1544/955/555 1539/953/550 1545/717/556
f 1545/717/556 1539/953/550 1546/718/557
f 1539/953/550 1541/711/552 1546/718/557
f 811/657/382 1544/955/555 812/658/383
f 1544/955/555 1545/717/556 812/658/383
f 1547/956/558 811/657/382 1548/727/559
f 1548/727/559 811/657/382 1549/728/560
f 811/657/382 810/656/381 1549/728/560
f 1550/957/561 1547/956/558 1551/733/562
f 1551/733/562 1547/956/558 1552/734/563
f 1547/956/558 1548/727/559 1552/734/563
f 1553/958/564 1550/957/561 1554/739/565
f 1554/739/565 1550/957/561 1555/740/566
f 1550/957/561 1551/733/562 1555/740/566
f 1556/959/567 1553/958/564 1557/745/568
f 1557/745/568 1553/958/564 1558/746/569
f 1553/958/564 1554/739/565 1558/746/569
f 814/660/385 1556/959/567 815/661/386
f 1556/959/567 1557/745/568 815/661/386
f 1559/960/570 814/660/385 1560/755/571
f 1560/755/571 814/660/385 1561/756/572
f 814/660/385 813/659/384 1561/756/572
f 817/663/388 1559/960/570 818/664/389
f 1559/960/570 1560/755/571 818/664/389
f 820/666/391 817/663/388 821/667/392
f 817/663/388 816/662/387 821/667/392
f 1562/961/573 820/666/391 1563/769/574
f 1563/769/574 820/666/391 1564/770/575
f 820/666/391 819/665/390 1564/770/575
f 1565/962/576 1562/961/573 1566/775/577
f 1566/775/577 1562/961/573 1567/776/578
f 1562/961/573 1563/769/574 1567/776/578
f 1568/963/579 1565/962/576 1569/781/580
f 1569/781/580 1565/962/576 1570/782/581
f 1565/962/576 1566/775/577 1570/782/581
f 823/669/394 1568/963/579 824/670/395
f 1568/963/579 1569/781/580 824/670/395
f 1571/964/582 823/669/394 1572/791/583
f 1572/791/583 823/669/394 1573/792/584
f 823/669/394 822/668/393 1573/792/584
f 1574/965/585 1571/964/582 1575/797/586
f 1575/797/586 1571/964/582 1576/798/587
f 1571/964/582 1572/791/583 1576/798/587
f 826/672/397 1574/965/585 827/673/398
f 1574/965/585 1575/797/586 827/673/398
f 829/675/400 826/672/397 830/676/401
f 826/672/397 825/671/396 830/676/401
f 1577/966/588 829/675/400 1578/811/589
f 1578/811/589 829/675/400 1579/812/590
f 829/675/400 828/674/399 1579/812/590
f 832/678/403 1577/966/588 833/679/404
f 1577/966/588 1578/811/589 833/679/404
f 835/681/406 832/678/403 836/682/407
f 832/678/403 831/677/402 836/682/407
f 838/684/409 835/681/406 839/685/410
f 835/681/406 834/680/405 839/685/410
f 841/687/412 838/684/409 842/688/413
f 838/684/409 837/683/408 842/688/413
f 1580/967/591 841/687/412 1581/833/592
f 1581/833/592 841/687/412 1582/834/593
f 841/687/412 840/686/411 1582/834/593
f 844/690/415 1580/967/591 845/691/416
f 1580/967/591 1581/833/592 845/691/416
f 1583/968/594 844/690/415 1584/843/595
f 1584/843/595 844/690/415 1585/844/596
f 844/690/415 843/689/414 1585/844/596
f 847/693/418 1583/968/594 848/694/419
f 1583/968/594 1584/843/595 848/694/419
f 1586/969/597 847/693/418 1587/853/598
f 1587/853/598 847/693/418 1588/854/599
f 847/693/418 846/692/417 1588/854/599
f 1589/970/600 1586/969/597 1590/859/601
f 1590/859/601 1586/969/597 1591/860/602
f 1586/969/597 1587/853/598 1591/860/602
f 850/696/421 1589/970/600 851/697/422
f 1589/970/600 1590/859/601 851/697/422
f 853/699/424 850/696/421 854/700/425
f 850/696/421 849/695/420 854/700/425
f 1592/971/603 853/699/424 1593/873/604
f 1593/873/604 853/699/424 1594/874/605
f 853/699/424 852/698/423 1594/874/605
f 1595/972/606 1592/971/603 1596/879/607
f 1596/879/607 1592/971/603 1597/880/608
f 1592/971/603 1593/873/604 1597/880/608
f 1598/973/609 1595/972/606 1599/885/610
f 1599/885/610 1595/972/606 1600/886/611
f 1595/972/606 1596/879/607 1600/886/611
f 1601/974/612 1598/973/609 1602/891/613
f 1602/891/613 1598/973/609 1603/892/614
f 1598/973/609 1599/885/610 1603/892/614
f 856/702/427 1601/974/612 857/703/428
f 1601/974/612 1602/891/613 857/703/428
f 1604/975/615 856/702/427 1605/901/616
f 1605/901/616 856/702/427 1606/902/617
f 856/702/427 855/701/426 1606/902/617
f 1607/976/618 1604/975/615 1608/907/619
f 1608/907/619 1604/975/615 1609/908/620
f 1604/975/615 1605/901/616 1609/908/620
f 1540/954/551 1607/976/618 1543/705/554
f 1543/705/554 1607/976/618 1610/706/621
f 1607/976/618 1608/907/619 1610/706/621
